Country,Data source,Sector,Gas,Unit,2018,2017,2016,2015,2014,2013,2012,2011,2010,2009,2008,2007,2006,2005,2004,2003,2002,2001,2000,1999,1998,1997,1996,1995,1994,1993,1992,1991,1990
European Union (27),CAIT,Total excluding LUCF,All GHG,MtCO₂e,3567.08,3635.65,3622.33,3621.54,3565.62,3711.45,3788.2,3849.51,3960.8,3881.38,4155.66,4247.19,4283.3,4288.33,4320.12,4323.46,4235.72,4254.85,4208.97,4210.42,4283.83,4324.38,4402.31,4294.73,4244.36,4260.96,4334.12,4478.18,4555.23
European Union (27),CAIT,Total including LUCF,All GHG,MtCO₂e,3333.16,3401.95,3387.97,3046.38,2990.49,3136.34,3213.21,3274.4,3646.5,3566.88,3841.03,3932.66,3968.63,3973.71,4005.19,4008.81,3921.02,3940.21,3933.88,3934.85,4008.29,4048.58,4126.4,4018.79,3968.32,3984.95,4058.11,4202.13,4279.18
European Union (27),CAIT,Energy,All GHG,MtCO₂e,2902.77,2958.65,2938.57,2932.86,2873.12,3025.05,3097.78,3152.14,3251.96,3162.75,3401.18,3471.05,3518.91,3517.48,3540.02,3546.08,3454.87,3468.19,3409.37,3407.89,3466.85,3484.28,3559.99,3460.3,3410.58,3433.44,3489.25,3616.36,3660.7
European Union (27),CAIT,Electricity/Heat,All GHG,MtCO₂e,1108.45,1161.54,1158.37,1181.42,1158.16,1226.9,1294.02,1314.33,1330.92,1292.7,1405.84,1481.34,1455.83,1442.58,1449.35,1450.35,1405.6,1381.64,1364.21,1345.76,1381.99,1380.96,1420.27,1392.4,1377.23,1376.32,1425.76,1456.81,1465.11
European Union (27),CAIT,Transportation,All GHG,MtCO₂e,807.16,806.76,792.25,773.05,758.68,751.42,757.98,788.52,794.13,800.13,826.78,843.56,834.69,822.93,824.51,805.01,790.84,782.75,768.34,768.71,750.78,721.41,709.99,687.32,678.76,674.19,669.05,651.17,642.96
Germany,CAIT,Total excluding LUCF,All GHG,MtCO₂e,806.09,832.65,850.17,847.46,843.66,883.92,866.67,852.55,881.3,850.64,907.8,905.13,934.2,927.71,952.11,971.9,972.93,991.32,975.83,985.18,1019.61,1045.89,1083.88,1055.73,1062.35,1075.23,1082.93,1130.62,1160.21
Germany,CAIT,Total including LUCF,All GHG,MtCO₂e,776.61,803.18,820.7,818.22,814.43,854.7,837.46,823.34,862.97,832.31,889.47,886.8,915.88,909.39,933.79,953.66,954.76,973.21,924.72,934.16,968.6,994.92,1032.92,1004.79,1011.41,1024.31,1032.01,1079.69,1109.28
Germany,CAIT,Energy,All GHG,MtCO₂e,713.82,736.52,752.24,747.68,741.94,783.39,765.4,750.41,777.87,738.57,793.88,787.18,819.76,809.48,829.55,849.37,848.59,864.61,848.46,853.25,881.89,892.95,925.96,896.73,900.31,915.85,920.89,964.7,989.06
European Union (27),CAIT,Building,All GHG,MtCO₂e,435.04,453.37,458.0,447.91,422.84,495.53,485.49,473.55,541.01,514.41,526.41,484.56,560.78,563.24,563.34,566.83,539.09,561.28,524.57,549.71,559.47,571.83,612.05,561.26,549.79,590.21,584.43,628.63,600.12
France,CAIT,Total excluding LUCF,All GHG,MtCO₂e,423.35,432.38,430.02,430.14,424.13,457.25,456.32,453.51,470.79,467.05,485.35,491.62,498.79,509.07,508.44,510.7,505.83,513.38,508.56,511.48,521.88,505.84,515.77,497.01,488.27,494.01,512.8,527.54,502.75
Italy,CAIT,Total excluding LUCF,All GHG,MtCO₂e,399.6,405.77,411.45,416.15,405.24,424.93,456.71,474.59,485.46,476.97,525.85,540.72,547.47,559.87,558.59,547.47,528.94,520.66,522.47,517.56,510.33,499.04,495.26,499.02,474.03,479.32,485.62,488.85,491.25
Poland,CAIT,Total excluding LUCF,All GHG,MtCO₂e,389.65,390.07,377.19,366.25,362.36,375.43,380.78,387.76,391.92,373.95,389.77,396.05,396.05,382.22,380.59,376.24,364.32,372.09,372.23,385.65,396.32,426.14,436.36,421.65,422.11,426.79,427.3,438.09,442.31
European Union (27),CAIT,Agriculture,All GHG,MtCO₂e,389.55,394.07,394.81,396.18,392.8,388.62,385.73,386.19,392.76,391.78,398.94,403.03,398.0,402.21,409.51,410.54,415.63,418.25,424.73,429.82,432.53,437.27,438.76,435.46,442.72,448.2,463.83,489.54,512.18
Italy,CAIT,Total including LUCF,All GHG,MtCO₂e,386.78,393.01,398.64,381.49,370.58,390.27,422.08,439.93,450.75,442.26,491.14,506.06,512.76,525.16,523.88,512.77,494.23,485.95,488.0,483.07,475.84,464.54,460.76,464.51,439.52,444.81,451.12,454.34,456.75
European Union (27),CAIT,Manufacturing/Construction,All GHG,MtCO₂e,378.83,371.14,364.54,363.23,364.62,375.84,382.68,397.24,401.76,375.28,452.94,471.87,470.59,485.33,497.34,511.91,500.27,514.23,522.09,508.51,533.34,560.12,560.9,563.7,547.83,531.91,550.81,605.97,669.72
France,CAIT,Total including LUCF,All GHG,MtCO₂e,361.37,370.47,368.04,369.04,363.05,396.16,395.28,392.42,404.32,400.59,418.88,425.14,432.32,442.64,441.98,444.36,439.49,447.09,483.67,486.59,497.02,480.98,490.93,472.18,463.44,469.18,487.97,502.72,477.92
Poland,CAIT,Total including LUCF,All GHG,MtCO₂e,356.74,357.17,344.31,339.15,335.26,348.35,353.7,360.67,320.3,302.33,318.18,324.46,324.47,310.64,309.02,304.75,292.88,300.69,358.79,372.24,382.95,412.81,423.05,408.44,408.95,413.64,414.15,424.94,429.16
Poland,CAIT,Energy,All GHG,MtCO₂e,331.78,331.74,319.0,308.03,303.8,317.24,321.47,327.59,332.43,316.16,327.26,331.76,334.33,322.57,322.58,318.59,307.56,314.9,313.19,326.76,336.18,363.58,375.15,359.12,359.09,364.89,363.49,371.69,372.51
Italy,CAIT,Energy,All GHG,MtCO₂e,329.13,333.58,337.87,342.3,332.04,351.24,380.57,397.24,406.6,398.15,443.95,456.12,463.24,470.91,468.73,459.8,441.06,434.68,435.46,433.21,427.55,416.85,413.65,416.8,394.2,398.86,402.04,404.57,405.33
Spain,CAIT,Total excluding LUCF,All GHG,MtCO₂e,326.94,332.17,315.83,325.51,314.95,316.48,342.54,348.82,349.44,364.62,401.45,434.66,418.34,424.48,409.76,393.61,384.51,367.81,369.84,352.53,327.7,318.09,296.73,303.34,289.43,276.49,291.28,281.45,275.27
Spain,CAIT,Total including LUCF,All GHG,MtCO₂e,313.06,318.35,301.97,317.67,307.09,308.62,334.71,340.98,330.31,345.5,382.32,415.54,399.28,405.41,390.66,374.51,365.39,348.65,327.4,309.99,285.23,275.71,254.16,260.7,246.79,233.85,248.65,238.82,232.63
France,CAIT,Energy,All GHG,MtCO₂e,310.38,316.8,313.01,310.57,304.14,336.51,335.91,332.4,347.56,343.49,357.06,361.43,370.76,380.76,378.65,378.6,372.89,379.49,376.21,379.59,386.92,365.32,374.95,359.69,351.53,357.35,375.79,387.2,361.64
Germany,CAIT,Electricity/Heat,All GHG,MtCO₂e,310.35,327.74,345.94,346.26,350.25,369.74,365.16,354.26,361.68,343.1,371.06,392.57,379.51,375.8,379.48,384.22,378.73,377.21,364.01,359.05,374.12,374.14,389.99,379.36,384.92,384.36,392.66,409.3,411.76
European Union (27),CAIT,Bunker Fuels,All GHG,MtCO₂e,259.59,249.36,239.15,228.06,225.16,227.87,234.81,246.16,244.65,242.65,269.0,268.92,257.63,242.96,236.5,223.38,216.73,214.21,212.18,199.16,198.23,189.13,177.86,170.24,166.64,164.34,161.82,157.12,158.72
Spain,CAIT,Energy,All GHG,MtCO₂e,254.03,259.14,242.78,252.31,237.31,240.65,266.19,270.52,267.84,281.99,315.94,344.08,331.14,339.97,325.38,308.61,303.0,285.47,284.7,269.81,248.11,241.61,223.62,233.76,222.48,213.71,227.74,215.85,208.16
Netherlands,CAIT,Total including LUCF,All GHG,MtCO₂e,179.99,185.91,189.52,189.7,180.75,188.06,188.48,190.26,203.24,192.44,197.69,199.91,200.03,204.7,210.34,208.78,208.85,209.35,208.55,210.62,223.08,222.95,231.75,220.82,215.43,215.69,210.18,210.79,205.44
Netherlands,CAIT,Total excluding LUCF,All GHG,MtCO₂e,178.64,184.55,188.16,188.33,179.38,186.69,187.11,188.89,202.13,191.32,196.57,198.8,198.92,203.58,209.23,207.65,207.69,208.17,207.11,209.17,221.62,221.49,230.29,219.36,213.96,214.22,208.7,209.32,203.96
European Union (27),CAIT,Industrial Processes,All GHG,MtCO₂e,166.07,172.85,177.5,177.42,182.79,177.32,180.58,184.21,185.95,193.86,220.69,234.35,224.07,223.18,220.26,212.32,208.26,208.86,213.13,209.92,219.16,235.47,234.01,228.38,220.58,208.17,210.6,203.69,216.99
Germany,CAIT,Transportation,All GHG,MtCO₂e,158.3,163.49,161.02,157.59,154.57,152.37,148.51,149.94,148.12,147.06,148.89,148.38,153.48,155.63,163.99,164.04,167.12,169.54,173.47,177.66,172.81,169.8,169.06,167.93,166.04,168.67,164.06,161.48,158.6
Poland,CAIT,Electricity/Heat,All GHG,MtCO₂e,157.46,159.33,157.79,158.08,155.38,165.0,164.54,169.49,168.84,163.01,170.44,175.44,178.84,173.25,174.54,176.2,167.91,173.91,172.22,174.74,180.24,186.65,192.56,185.8,200.43,201.27,214.37,222.93,228.86
Netherlands,CAIT,Energy,All GHG,MtCO₂e,153.68,158.45,160.89,160.83,152.52,160.04,160.49,161.93,174.38,163.48,168.42,167.24,165.95,170.16,174.21,172.58,169.57,169.55,164.48,163.85,169.42,169.13,177.29,167.5,160.41,161.21,156.11,157.25,151.12
France,CAIT,Transportation,All GHG,MtCO₂e,125.42,128.14,127.7,127.59,126.43,126.27,127.46,128.63,123.27,122.93,124.32,130.3,131.12,130.8,133.06,132.82,134.14,134.22,132.48,129.52,129.12,124.64,122.12,122.32,121.38,120.48,119.36,116.85,113.47
Czech Republic,CAIT,Total excluding LUCF,All GHG,MtCO₂e,122.84,124.12,124.09,122.29,120.36,123.09,128.37,131.78,134.4,131.31,138.95,144.01,141.04,140.06,143.13,142.58,138.24,143.85,144.13,133.49,141.6,148.23,150.74,149.13,149.15,156.44,161.16,165.61,182.34
Germany,CAIT,Building,All GHG,MtCO₂e,120.82,131.57,133.2,129.62,125.79,146.58,136.0,128.46,149.39,142.64,153.55,129.44,168.22,159.66,163.12,172.83,165.0,177.11,161.02,164.5,176.3,184.41,199.23,177.61,176.05,188.15,179.91,195.2,197.26
European Union (27),CAIT,Other Fuel Combustion,All GHG,MtCO₂e,118.29,110.72,110.17,110.08,110.07,114.98,115.07,115.25,120.56,116.07,120.07,119.94,123.18,125.58,124.76,124.15,129.22,133.08,135.55,137.66,145.36,147.9,150.49,146.17,145.49,146.54,143.64,153.0,152.28
Czech Republic,CAIT,Total including LUCF,All GHG,MtCO₂e,117.03,118.3,118.28,118.65,116.73,119.45,124.74,128.14,127.45,124.37,132.0,137.06,134.09,133.11,136.18,135.63,131.29,136.91,134.68,124.05,132.16,138.79,141.3,139.69,139.71,147.0,151.72,156.17,172.9
Italy,CAIT,Electricity/Heat,All GHG,MtCO₂e,113.38,121.19,118.19,120.89,113.74,122.62,144.03,152.01,153.13,147.37,173.55,179.47,179.72,177.76,178.32,164.5,158.91,149.24,152.91,147.45,151.55,147.66,145.43,150.06,137.5,134.92,138.27,139.02,143.46
Romania,CAIT,Total excluding LUCF,All GHG,MtCO₂e,109.01,108.56,105.85,108.09,106.41,107.3,116.87,119.57,114.86,117.96,134.6,136.64,140.42,138.99,140.59,143.5,137.66,140.76,134.09,129.46,145.07,162.58,175.21,171.95,166.4,169.85,181.31,202.75,245.21
Belgium,CAIT,Total including LUCF,All GHG,MtCO₂e,108.91,108.41,110.52,109.16,104.09,110.5,109.23,109.82,121.44,114.12,121.18,118.84,123.51,126.49,130.35,131.78,128.4,135.68,134.3,134.27,138.13,135.36,138.55,133.19,133.02,127.66,129.84,131.76,126.81
Belgium,CAIT,Total excluding LUCF,All GHG,MtCO₂e,108.75,108.25,110.36,111.52,106.46,112.86,111.59,112.18,124.46,117.13,124.2,121.86,126.52,129.5,133.36,134.79,131.41,138.69,138.31,138.19,142.05,139.27,142.47,137.11,136.94,131.58,133.75,135.67,130.73
European Union (27),CAIT,Waste,All GHG,MtCO₂e,108.7,110.07,111.45,115.09,116.92,120.45,124.11,126.96,130.13,132.98,134.84,138.76,142.32,145.46,150.33,154.51,156.96,159.55,161.74,162.79,165.29,167.37,169.55,170.59,170.48,171.16,170.43,168.48,165.17
Czech Republic,CAIT,Energy,All GHG,MtCO₂e,106.48,107.41,106.86,105.42,104.34,107.54,112.7,116.57,119.74,116.77,123.82,129.14,126.81,126.08,129.09,128.79,124.66,129.09,129.58,119.21,126.89,133.31,135.48,134.08,133.64,140.51,143.64,149.59,164.28
Italy,CAIT,Transportation,All GHG,MtCO₂e,100.2,97.61,101.71,103.01,105.39,100.72,102.51,109.15,109.19,111.84,117.93,124.74,124.26,122.96,124.04,121.81,120.75,118.49,116.36,116.26,113.42,110.25,108.66,106.89,104.61,104.85,102.96,97.93,96.07
Germany,CAIT,Manufacturing/Construction,All GHG,MtCO₂e,99.33,95.14,93.22,95.12,91.25,93.81,94.25,97.18,98.35,86.87,99.87,96.05,96.66,94.77,97.07,98.57,95.84,96.44,102.74,101.69,106.0,108.2,110.52,116.64,117.94,117.55,124.78,133.61,156.15
Belgium,CAIT,Energy,All GHG,MtCO₂e,92.89,92.19,93.6,94.66,89.15,95.82,94.08,94.53,105.77,98.59,105.68,103.15,107.13,109.26,112.88,114.26,109.53,117.11,115.76,114.16,118.04,115.3,118.36,113.21,113.61,109.04,111.21,113.17,108.65
Spain,CAIT,Transportation,All GHG,MtCO₂e,92.31,91.16,88.3,85.11,82.06,81.62,82.63,91.96,98.42,101.3,109.9,116.1,113.13,109.51,105.74,101.38,96.4,94.63,90.46,88.5,84.23,76.83,76.89,71.96,70.71,68.39,69.38,65.83,63.21
Spain,CAIT,Electricity/Heat,All GHG,MtCO₂e,89.94,98.66,86.51,100.39,86.81,85.93,109.36,101.31,88.18,103.85,120.08,136.5,128.8,130.45,120.81,112.19,118.66,103.57,110.82,106.67,88.56,89.17,76.79,89.27,80.14,78.21,88.8,79.2,77.96
Greece,CAIT,Total including LUCF,All GHG,MtCO₂e,86.14,87.92,88.31,89.58,91.31,94.37,102.01,107.17,107.1,113.81,120.71,124.62,121.21,122.83,120.74,121.13,117.81,117.43,117.05,111.37,110.45,106.21,105.1,104.03,99.62,97.0,96.63,94.55,94.44
Romania,CAIT,Total including LUCF,All GHG,MtCO₂e,86.13,85.69,82.96,-177.03,-178.71,-177.81,-168.24,-165.52,112.18,115.28,131.91,133.95,137.74,136.3,137.89,140.81,134.98,138.07,134.81,130.19,145.8,163.31,175.94,172.66,167.11,170.57,182.02,203.46,245.92
Greece,CAIT,Total excluding LUCF,All GHG,MtCO₂e,84.75,86.51,86.9,88.18,89.91,92.97,100.6,105.76,108.19,114.9,121.79,125.63,122.29,123.91,121.82,122.21,118.89,118.51,117.92,112.28,111.15,107.09,105.99,104.93,100.53,97.9,97.53,95.45,95.35
Romania,CAIT,Energy,All GHG,MtCO₂e,82.35,81.75,79.1,81.56,80.86,81.87,91.67,94.32,88.11,91.21,105.97,107.25,111.82,109.97,111.87,116.36,110.82,112.24,104.72,100.1,114.48,130.4,142.15,138.85,133.41,135.72,145.03,163.62,197.58
Austria,CAIT,Total excluding LUCF,All GHG,MtCO₂e,74.98,77.83,75.66,75.48,74.35,78.12,77.57,80.79,82.72,77.0,83.95,84.39,87.47,89.79,89.75,88.94,83.86,82.55,78.24,78.03,79.85,79.87,80.88,77.16,74.69,74.59,74.67,80.46,76.26
France,CAIT,Agriculture,All GHG,MtCO₂e,73.83,74.98,74.78,76.53,75.79,75.65,74.61,74.2,76.28,76.21,78.23,79.24,77.5,77.85,79.42,79.7,81.39,83.67,83.65,82.42,82.33,82.58,83.47,82.28,81.74,81.23,81.79,85.76,86.73
Austria,CAIT,Total including LUCF,All GHG,MtCO₂e,67.85,70.71,68.53,68.41,67.28,71.05,70.5,73.72,76.55,70.83,77.79,78.22,81.31,83.63,83.59,82.77,77.69,76.39,64.76,64.56,66.38,66.4,67.41,63.69,61.22,61.12,61.2,66.99,62.79
Portugal,CAIT,Total including LUCF,All GHG,MtCO₂e,67.15,71.77,66.81,66.64,62.51,62.92,64.62,66.31,68.6,73.87,74.74,76.99,78.41,83.7,80.6,78.71,83.6,78.72,80.33,80.82,74.08,68.93,66.63,68.18,64.41,62.5,63.58,59.56,57.84
Portugal,CAIT,Total excluding LUCF,All GHG,MtCO₂e,66.82,70.95,66.38,67.43,63.32,63.7,65.41,67.11,67.99,73.27,74.15,76.4,77.8,82.99,80.0,78.0,82.99,78.13,78.79,79.26,72.46,67.36,64.99,66.65,62.87,60.96,62.05,58.02,56.31
Ireland,CAIT,Total excluding LUCF,All GHG,MtCO₂e,65.09,65.25,65.88,63.35,61.54,61.38,62.31,60.65,65.04,66.4,71.77,72.82,74.45,73.47,72.26,73.03,72.74,73.48,71.23,68.26,66.71,63.31,61.8,60.32,59.48,58.0,57.35,57.14,56.57
France,CAIT,Building,All GHG,MtCO₂e,64.42,67.98,68.12,67.28,64.19,79.36,76.79,70.22,83.93,85.5,83.56,77.1,85.63,90.4,92.87,89.11,84.32,90.65,85.7,92.51,91.07,87.61,93.05,84.21,84.32,89.77,92.81,95.24,85.63
Netherlands,CAIT,Electricity/Heat,All GHG,MtCO₂e,63.63,67.77,71.25,72.78,68.13,64.87,64.88,67.73,71.06,68.11,69.63,70.61,66.15,71.23,73.78,72.2,70.97,70.05,66.96,65.44,70.59,68.18,66.8,65.73,60.41,57.22,55.21,54.63,52.8
Italy,CAIT,Building,All GHG,MtCO₂e,63.58,63.46,63.65,63.59,57.79,69.04,69.57,70.39,76.15,73.2,72.45,68.44,74.71,80.3,75.55,73.69,68.96,72.92,69.19,72.94,68.71,65.02,67.52,65.77,59.22,67.77,68.15,73.06,66.98
Poland,CAIT,Transportation,All GHG,MtCO₂e,63.48,61.54,53.26,46.65,43.79,43.18,45.88,47.72,47.12,44.69,44.28,42.33,38.26,34.51,32.09,28.3,25.88,26.8,26.97,30.67,28.19,26.75,25.28,22.32,21.54,20.89,21.47,21.09,20.23
Greece,CAIT,Energy,All GHG,MtCO₂e,63.09,64.59,64.55,66.35,67.6,70.79,79.2,84.46,85.72,92.75,97.09,100.67,96.87,97.98,96.29,96.64,93.09,92.76,90.56,83.7,83.37,79.84,78.85,78.89,76.21,74.56,74.66,72.37,72.06
Hungary,CAIT,Total including LUCF,All GHG,MtCO₂e,62.81,62.78,60.86,59.67,56.74,56.47,58.81,62.68,64.35,64.37,70.22,71.63,73.8,74.57,75.48,76.67,73.79,75.63,72.67,75.48,74.76,74.9,76.57,74.3,75.97,76.32,75.77,85.72,90.74
Austria,CAIT,Energy,All GHG,MtCO₂e,62.66,65.32,62.88,62.66,61.54,65.38,64.69,67.83,69.59,63.8,69.8,70.32,73.37,75.65,75.23,73.97,68.89,67.48,63.07,62.71,64.32,63.72,64.59,60.87,57.46,57.22,57.06,61.95,57.86
Ireland,CAIT,Total including LUCF,All GHG,MtCO₂e,62.29,62.45,63.08,61.1,59.3,59.14,60.06,58.41,62.91,64.27,69.64,70.69,72.32,71.35,70.13,70.9,70.62,71.35,68.77,65.8,64.24,60.84,59.34,57.85,57.02,55.54,54.89,54.68,54.11
France,CAIT,Electricity/Heat,All GHG,MtCO₂e,61.75,59.59,54.92,54.44,50.9,65.35,68.01,66.8,74.39,72.74,74.95,78.46,76.75,80.9,74.94,75.28,72.62,69.88,77.25,74.18,80.07,65.51,70.0,66.27,61.36,61.47,74.28,85.86,74.85
Finland,CAIT,Total including LUCF,All GHG,MtCO₂e,61.43,60.02,62.88,-1.07,2.38,6.47,5.73,11.43,59.29,51.19,54.8,62.92,64.75,53.39,65.56,69.47,61.32,58.93,37.79,39.13,39.81,43.45,45.39,38.94,42.92,36.31,35.07,38.18,38.27
Hungary,CAIT,Total excluding LUCF,All GHG,MtCO₂e,60.92,60.88,58.96,58.33,55.4,55.13,57.47,61.35,62.09,62.11,67.96,69.35,71.52,72.3,73.21,74.34,71.42,73.24,71.05,73.87,73.14,73.27,74.92,72.65,74.35,74.69,74.15,84.09,89.12
Germany,CAIT,Agriculture,All GHG,MtCO₂e,58.3,60.96,62.29,63.33,64.52,63.12,62.3,62.02,63.36,62.92,62.94,63.17,61.99,64.27,64.72,65.68,66.96,68.16,68.64,70.77,70.57,71.6,71.45,71.91,72.02,71.64,73.96,81.36,86.38
Czech Republic,CAIT,Electricity/Heat,All GHG,MtCO₂e,57.63,58.09,59.16,58.38,58.52,60.31,63.71,66.89,68.1,62.82,68.03,72.79,67.56,67.61,69.51,69.41,68.55,70.1,69.64,62.98,67.51,70.7,71.29,68.81,64.96,65.17,64.37,66.29,67.63
European Union (27),CAIT,Fugitive Emissions,All GHG,MtCO₂e,55.0,55.12,55.23,57.17,58.75,60.38,62.56,63.25,63.59,64.17,69.15,69.78,73.85,77.82,80.71,87.83,89.84,95.21,94.62,97.54,95.92,102.07,106.28,109.45,111.49,114.27,115.56,120.78,130.51
Finland,CAIT,Total excluding LUCF,All GHG,MtCO₂e,54.49,53.32,56.26,53.55,57.0,61.12,60.38,66.1,74.12,66.06,69.73,77.86,79.71,68.38,80.59,84.65,76.55,74.23,68.45,69.99,70.86,74.53,76.49,70.05,74.04,67.44,66.2,69.3,69.4
Bulgaria,CAIT,Total excluding LUCF,All GHG,MtCO₂e,53.33,56.45,54.27,57.31,54.66,52.06,57.15,62.84,57.04,55.35,62.76,65.21,61.03,60.95,60.99,62.3,57.51,60.16,57.7,58.33,65.26,69.11,71.63,71.1,69.88,73.77,75.25,81.12,98.34
Portugal,CAIT,Energy,All GHG,MtCO₂e,48.17,51.73,47.39,47.86,43.72,44.62,46.58,48.0,48.53,54.07,53.89,55.7,57.54,62.51,59.22,57.98,62.83,59.0,59.1,59.61,53.2,48.52,46.52,48.35,45.13,43.71,44.74,40.59,38.98
Hungary,CAIT,Energy,All GHG,MtCO₂e,47.32,47.48,45.5,44.37,41.75,42.03,44.58,48.21,49.05,48.67,53.46,54.28,55.98,56.58,57.05,59.03,56.21,57.14,55.42,58.72,58.28,58.1,59.71,58.51,59.18,60.06,59.84,66.83,69.09
Netherlands,CAIT,Bunker Fuels,All GHG,MtCO₂e,47.17,48.49,48.85,48.8,51.46,51.7,53.29,57.51,53.75,56.47,62.84,64.82,63.44,60.01,56.43,51.95,54.87,54.83,51.21,49.02,47.12,46.62,44.16,42.23,41.27,40.68,41.85,41.02,39.5
Denmark,CAIT,Total including LUCF,All GHG,MtCO₂e,46.73,47.02,49.19,44.65,46.73,50.98,49.44,54.51,61.79,61.36,64.17,67.65,72.46,64.69,68.54,74.87,69.44,69.7,68.8,73.01,75.85,79.91,89.58,76.11,79.2,75.5,72.94,79.13,68.51
Sweden,CAIT,Total excluding LUCF,All GHG,MtCO₂e,46.35,49.07,49.52,50.05,50.12,51.53,53.23,56.11,60.07,54.62,58.58,59.78,61.9,63.46,67.12,68.61,67.66,66.33,67.38,71.65,72.97,72.2,78.46,72.91,73.37,71.55,71.59,69.04,68.39
Denmark,CAIT,Total excluding LUCF,All GHG,MtCO₂e,45.87,46.16,48.33,46.61,48.69,52.94,51.39,56.46,61.8,61.37,64.19,67.67,72.47,64.7,68.56,74.88,69.45,69.71,68.47,72.67,75.51,79.57,89.24,75.77,78.86,75.16,72.59,78.79,68.17
Finland,CAIT,Energy,All GHG,MtCO₂e,44.61,43.26,46.02,43.17,46.54,50.58,49.8,55.47,63.0,54.68,56.97,65.46,67.43,55.85,68.17,72.29,63.98,61.6,55.53,57.01,57.83,61.2,63.23,56.71,60.57,54.08,52.74,55.49,54.75
Poland,CAIT,Building,All GHG,MtCO₂e,42.68,43.58,44.43,41.56,41.88,45.8,47.59,46.13,52.11,46.35,45.17,43.12,46.83,42.41,40.07,39.53,39.08,35.31,32.31,38.45,37.23,46.18,49.78,49.0,48.9,56.57,54.72,53.0,44.99
Bulgaria,CAIT,Energy,All GHG,MtCO₂e,41.53,44.45,42.2,45.4,43.03,40.63,46.05,50.94,45.79,43.63,49.9,52.42,49.05,47.97,47.38,48.68,44.34,46.82,44.09,45.06,51.68,54.21,55.81,55.42,54.72,57.36,56.88,60.0,74.67
Spain,CAIT,Agriculture,All GHG,MtCO₂e,41.36,40.84,40.25,40.34,39.34,37.85,36.91,37.79,39.2,38.78,38.5,42.17,41.06,41.08,43.21,43.63,42.35,42.29,42.19,41.59,41.54,39.87,38.99,36.53,36.79,36.57,36.29,37.9,38.31
France,CAIT,Manufacturing/Construction,All GHG,MtCO₂e,40.08,42.47,43.48,41.71,42.88,45.07,43.72,46.12,45.11,41.25,52.54,54.03,54.84,55.13,53.08,56.63,57.16,59.34,55.45,56.62,58.47,61.62,62.63,59.37,57.2,57.49,61.37,61.0,60.55
Slovakia,CAIT,Total excluding LUCF,All GHG,MtCO₂e,39.93,40.48,38.58,37.77,37.34,40.0,39.35,41.67,43.16,41.57,45.22,45.34,46.32,46.79,45.91,46.56,46.27,46.83,46.2,48.79,50.25,51.43,51.63,51.58,51.0,53.71,56.4,58.95,66.99
Slovakia,CAIT,Total including LUCF,All GHG,MtCO₂e,38.86,39.42,37.52,30.16,29.74,32.39,31.75,34.06,34.76,33.17,36.81,36.94,37.92,38.39,37.5,38.16,37.87,38.43,36.76,39.35,40.81,42.0,42.19,42.15,41.56,44.27,46.97,49.51,57.56
Spain,CAIT,Bunker Fuels,All GHG,MtCO₂e,36.22,34.63,36.17,35.34,35.82,33.76,37.56,38.33,35.92,37.31,38.19,37.17,36.05,34.54,32.27,30.66,29.86,29.72,27.28,26.3,26.51,25.17,21.18,16.18,15.57,15.87,17.18,16.27,14.93
Ireland,CAIT,Energy,All GHG,MtCO₂e,35.86,36.28,37.49,35.91,34.66,35.2,36.53,36.01,40.19,40.38,44.98,45.39,46.2,45.19,43.32,43.53,42.96,43.87,41.71,39.9,38.67,35.99,34.96,33.54,32.94,31.89,31.73,31.69,31.09
Sweden,CAIT,Energy,All GHG,MtCO₂e,35.59,37.93,38.33,38.75,38.76,40.27,41.78,44.36,47.98,42.75,45.87,46.91,48.56,50.01,53.43,55.09,53.84,52.27,53.08,57.31,58.45,57.54,63.76,58.25,58.68,56.7,56.94,54.37,53.28
Belgium,CAIT,Bunker Fuels,All GHG,MtCO₂e,34.94,28.86,25.7,22.98,21.34,23.69,23.54,26.19,28.66,26.46,35.06,33.79,30.3,28.12,28.56,27.75,25.38,20.93,21.72,19.34,21.36,19.73,17.58,15.25,15.52,16.23,15.99,16.21,16.05
Germany,CAIT,Bunker Fuels,All GHG,MtCO₂e,34.9,35.89,34.82,31.7,31.39,32.37,32.66,31.7,32.74,32.9,34.34,34.27,31.79,30.32,29.18,27.25,26.06,25.58,26.31,25.04,23.85,23.57,22.5,22.22,22.16,21.31,19.13,19.33,21.26
Greece,CAIT,Electricity/Heat,All GHG,MtCO₂e,33.86,34.72,33.06,34.57,38.12,41.51,45.84,45.23,45.24,48.3,51.22,52.14,48.84,50.62,49.9,49.13,48.06,48.18,47.73,41.81,40.44,39.01,39.0,42.14,40.41,38.89,38.86,36.33,37.09
Slovakia,CAIT,Energy,All GHG,MtCO₂e,33.73,34.31,32.25,31.48,31.07,33.88,33.2,35.23,36.88,34.81,37.85,38.06,38.91,39.9,38.85,39.91,39.45,40.08,39.66,41.82,42.57,43.98,44.1,44.2,43.55,46.28,47.89,51.08,58.0
Spain,CAIT,Manufacturing/Construction,All GHG,MtCO₂e,33.62,32.02,28.45,28.93,33.12,35.54,36.15,39.08,40.05,37.87,46.06,49.51,45.21,56.75,56.08,55.63,51.28,51.2,47.19,41.34,44.21,44.49,38.94,42.62,41.75,38.45,39.99,42.58,41.05
Denmark,CAIT,Energy,All GHG,MtCO₂e,32.96,32.92,35.07,33.43,35.64,39.95,38.19,43.21,48.63,48.16,50.13,53.21,58.09,50.21,53.83,59.41,53.96,53.91,52.73,57.12,59.72,63.77,73.37,59.9,63.05,59.04,56.72,62.54,51.94
Italy,CAIT,Manufacturing/Construction,All GHG,MtCO₂e,32.26,31.92,34.65,34.85,35.12,38.09,43.32,45.03,45.8,43.23,56.96,60.54,61.76,66.47,68.28,76.46,69.96,70.87,73.35,71.91,68.72,68.98,66.9,68.52,67.52,65.81,67.79,69.94,74.03
Poland,CAIT,Agriculture,All GHG,MtCO₂e,32.16,31.94,31.6,31.12,30.91,31.17,31.76,31.6,32.15,31.48,32.4,33.1,32.3,31.76,30.88,31.44,31.58,31.53,32.45,33.71,34.89,36.7,35.7,36.53,37.18,37.16,38.92,41.42,44.21
Italy,CAIT,Agriculture,All GHG,MtCO₂e,31.97,32.35,32.44,31.98,31.73,32.11,32.68,32.03,32.73,32.65,33.82,34.14,34.07,34.21,35.48,34.91,35.93,33.66,37.63,37.78,37.62,37.71,38.34,37.89,38.78,39.29,40.58,41.19,43.22
Poland,CAIT,Manufacturing/Construction,All GHG,MtCO₂e,31.26,30.74,28.13,27.38,28.77,28.58,28.82,29.94,29.02,27.46,31.5,35.65,33.38,33.48,37.98,37.31,38.13,40.2,45.44,45.38,53.26,63.79,67.52,62.95,48.52,47.47,36.56,39.47,42.67
Netherlands,CAIT,Transportation,All GHG,MtCO₂e,30.83,30.78,30.14,29.95,29.46,31.81,32.68,34.15,34.06,33.44,34.95,34.59,35.31,34.42,34.19,33.66,33.13,32.37,32.1,32.09,31.54,30.82,30.82,29.57,29.32,29.88,29.02,27.54,27.05
Sweden,CAIT,Total including LUCF,All GHG,MtCO₂e,30.05,32.5,32.87,27.85,27.95,29.28,30.98,33.83,49.08,43.5,47.38,48.52,50.61,52.14,55.69,57.11,56.12,54.79,69.41,73.6,74.87,74.08,80.33,74.78,75.23,73.42,73.46,70.91,70.26
Romania,CAIT,Electricity/Heat,All GHG,MtCO₂e,29.81,30.78,29.97,31.95,31.33,32.2,39.77,43.69,38.72,40.6,48.06,49.12,50.51,48.58,49.48,54.18,49.72,51.28,49.45,47.78,54.99,63.32,71.46,69.67,69.63,82.07,85.09,67.82,79.4
Netherlands,CAIT,Manufacturing/Construction,All GHG,MtCO₂e,25.88,25.96,25.08,23.92,22.85,23.18,23.91,22.96,23.84,22.43,24.07,25.77,25.58,24.72,25.07,25.35,25.03,24.41,24.42,25.31,24.29,25.47,27.16,25.87,26.76,27.48,27.47,27.76,29.21
Spain,CAIT,Building,All GHG,MtCO₂e,25.46,25.25,27.85,26.05,22.44,23.92,24.75,25.09,27.24,25.59,25.99,26.79,27.44,28.74,27.74,25.63,24.97,24.44,23.65,21.84,20.56,20.01,19.94,18.9,19.03,18.0,18.81,18.21,16.19
Ireland,CAIT,Agriculture,All GHG,MtCO₂e,25.35,25.0,24.37,23.72,23.41,23.3,23.12,22.09,22.25,23.17,22.98,23.1,23.51,23.74,24.21,24.44,25.04,24.61,24.66,24.29,24.23,23.44,23.04,23.08,23.05,22.83,22.4,22.28,22.08
Germany,CAIT,Industrial Processes,All GHG,MtCO₂e,25.34,26.12,26.15,26.38,26.52,26.07,26.85,27.18,26.27,34.21,34.8,37.38,33.68,33.52,35.95,33.51,32.51,32.17,30.67,31.45,35.75,47.79,49.92,49.02,50.89,47.74,47.86,44.9,46.45
Belgium,CAIT,Transportation,All GHG,MtCO₂e,25.31,25.21,25.8,26.11,24.42,24.21,24.7,25.51,25.9,26.54,27.4,27.33,26.49,26.08,26.84,25.88,25.24,25.3,24.48,24.19,23.97,23.24,22.9,22.46,22.31,21.73,21.2,20.39,20.21
Austria,CAIT,Transportation,All GHG,MtCO₂e,24.76,24.54,23.98,23.15,22.65,23.11,21.65,21.72,22.52,21.72,22.55,23.58,23.39,24.54,23.84,23.52,21.93,20.05,18.55,17.82,18.3,16.19,17.13,15.5,15.28,15.23,15.08,15.05,13.63
France,CAIT,Industrial Processes,All GHG,MtCO₂e,24.35,25.74,27.27,27.05,27.33,27.67,27.88,28.35,27.85,28.31,30.46,31.13,30.48,30.22,29.87,31.75,30.91,29.76,28.49,29.54,33.07,38.97,38.74,36.81,37.25,38.16,38.74,38.85,39.32
Bulgaria,CAIT,Electricity/Heat,All GHG,MtCO₂e,24.19,27.54,26.13,29.38,28.38,26.67,30.68,35.31,30.78,28.87,31.87,32.22,28.97,28.68,28.78,29.59,26.7,29.45,26.5,26.82,29.17,30.0,35.7,35.43,34.86,37.91,37.52,39.46,45.29
Netherlands,CAIT,Building,All GHG,MtCO₂e,23.91,24.24,24.44,24.09,22.34,29.39,28.15,25.92,33.03,28.57,28.55,25.55,28.5,28.29,29.9,29.98,28.96,30.2,28.34,28.39,30.07,31.52,37.1,31.81,29.8,31.96,30.25,32.93,28.67
France,CAIT,Bunker Fuels,All GHG,MtCO₂e,23.31,22.17,21.46,22.25,21.94,22.85,23.57,24.39,23.9,23.82,25.42,26.42,25.58,24.52,25.1,23.03,22.5,22.68,24.21,23.37,22.04,20.45,19.47,18.35,17.56,17.75,17.84,16.78,17.28
Croatia,CAIT,Total excluding LUCF,All GHG,MtCO₂e,22.55,23.4,22.73,22.69,22.1,22.83,23.95,25.89,26.18,26.74,29.3,30.12,28.62,27.89,28.0,28.23,27.13,26.13,25.33,26.26,26.58,26.28,24.8,25.46,24.18,24.09,23.21,22.18,28.69
Belgium,CAIT,Electricity/Heat,All GHG,MtCO₂e,22.47,22.11,21.99,23.21,22.32,23.31,25.45,25.86,29.83,25.92,28.02,29.28,29.59,30.08,29.95,30.58,29.47,29.26,31.26,29.91,32.98,31.33,32.88,33.14,33.47,31.25,31.36,32.18,31.68
Belgium,CAIT,Building,All GHG,MtCO₂e,22.41,22.7,22.89,23.18,20.29,25.55,22.85,22.19,27.12,24.15,26.22,22.41,25.89,28.65,28.74,28.31,26.35,27.6,26.52,27.49,29.02,29.27,31.58,27.2,25.97,26.65,27.42,27.52,24.66
Italy,CAIT,Industrial Processes,All GHG,MtCO₂e,21.51,22.61,23.68,24.06,23.83,23.85,24.47,26.42,26.57,26.43,28.43,30.29,29.64,33.66,33.34,31.14,30.13,29.74,28.0,26.17,24.79,23.83,23.17,24.91,22.21,22.95,25.3,25.78,26.01
Finland,CAIT,Electricity/Heat,All GHG,MtCO₂e,20.91,19.84,21.72,20.35,23.33,26.08,24.6,29.45,35.32,29.51,29.64,36.35,38.32,26.76,38.26,42.15,33.97,31.21,25.94,24.5,24.09,29.24,31.77,24.84,26.88,22.2,19.13,21.47,19.87
Portugal,CAIT,Electricity/Heat,All GHG,MtCO₂e,20.83,24.5,20.87,21.6,17.61,18.79,20.23,19.15,17.47,22.73,21.84,22.17,24.47,27.99,24.21,23.17,27.08,23.86,24.06,26.53,21.19,18.85,17.69,21.89,18.96,18.97,20.29,17.08,16.49
Estonia,CAIT,Total including LUCF,All GHG,MtCO₂e,20.56,20.86,20.21,11.95,14.39,15.72,13.31,14.54,20.26,16.26,19.66,21.2,17.18,18.41,18.26,18.1,16.15,16.56,16.08,16.43,17.37,17.88,18.3,17.42,19.11,19.99,25.79,33.58,37.37
Italy,CAIT,Bunker Fuels,All GHG,MtCO₂e,20.23,17.65,16.99,15.6,15.39,16.02,17.25,17.78,19.08,16.55,18.0,17.98,17.14,16.21,15.67,15.41,13.89,13.38,13.77,12.48,14.24,12.97,12.46,13.62,13.03,13.11,13.0,13.3,13.07
Poland,CAIT,Fugitive Emissions,All GHG,MtCO₂e,19.79,19.66,19.53,19.37,18.53,18.43,17.97,17.95,18.16,18.49,19.51,19.48,19.95,20.19,19.97,19.76,19.27,20.64,18.12,17.83,17.99,18.75,18.7,18.73,18.95,18.54,19.44,19.41,22.36
Bulgaria,CAIT,Total including LUCF,All GHG,MtCO₂e,19.52,22.65,20.47,45.2,42.55,39.96,45.04,50.74,33.49,31.8,39.21,41.68,37.48,37.41,37.44,38.75,33.96,36.61,35.97,36.58,43.51,47.36,49.88,49.35,48.13,52.02,53.5,59.37,76.59
Belgium,CAIT,Manufacturing/Construction,All GHG,MtCO₂e,19.22,18.66,19.46,18.74,18.85,19.05,17.5,17.46,18.99,17.95,19.89,20.19,20.98,20.21,22.82,25.04,24.61,30.7,29.11,27.84,27.08,26.07,24.94,24.81,26.59,24.64,26.73,28.98,28.1
Lithuania,CAIT,Total excluding LUCF,All GHG,MtCO₂e,18.84,18.73,18.82,18.8,18.55,19.0,19.9,19.98,20.52,19.71,23.28,23.85,22.85,22.72,21.58,20.6,20.42,20.06,19.62,21.32,24.05,23.17,23.38,22.62,24.22,26.24,32.15,46.93,45.2
Czech Republic,CAIT,Transportation,All GHG,MtCO₂e,18.67,18.54,18.0,17.32,16.51,16.0,16.14,16.47,16.6,17.64,18.26,18.41,17.45,17.15,15.85,15.12,13.29,12.75,11.87,11.76,10.67,10.39,10.08,7.25,8.54,7.97,7.92,6.18,6.95
Estonia,CAIT,Total excluding LUCF,All GHG,MtCO₂e,18.61,18.92,18.28,18.11,20.54,21.87,19.46,20.69,21.56,17.59,21.0,22.54,18.53,19.77,19.62,19.48,17.55,17.98,17.53,17.93,19.03,19.62,20.04,19.17,20.91,21.79,27.59,35.37,39.15
Netherlands,CAIT,Agriculture,All GHG,MtCO₂e,18.57,19.41,20.33,20.36,19.58,19.02,18.81,18.79,19.05,18.99,18.88,18.34,18.36,18.52,18.51,18.47,18.9,19.73,19.88,20.7,20.65,21.3,21.96,22.33,22.41,22.6,23.06,23.29,23.12
Spain,CAIT,Industrial Processes,All GHG,MtCO₂e,18.45,19.14,19.79,19.79,26.0,24.8,25.89,26.79,29.26,29.67,34.1,35.62,33.6,31.13,29.12,28.9,26.51,27.6,30.81,29.14,26.37,25.28,23.27,22.51,19.92,16.41,17.79,18.57,19.91
Croatia,CAIT,Total including LUCF,All GHG,MtCO₂e,18.21,19.06,18.39,21.19,20.6,21.33,22.45,24.41,25.35,25.91,28.47,29.3,27.79,27.06,27.17,27.4,26.3,25.3,24.49,25.41,25.8,25.44,23.96,24.61,23.33,23.25,22.36,21.34,27.85
Lithuania,CAIT,Total including LUCF,All GHG,MtCO₂e,18.21,18.11,18.21,12.71,12.46,12.94,13.83,13.92,20.55,19.74,23.33,23.9,22.9,22.78,21.64,20.69,20.52,20.16,20.23,21.94,24.69,23.81,24.04,23.29,24.9,26.92,32.84,47.61,45.88
Romania,CAIT,Transportation,All GHG,MtCO₂e,18.11,17.62,16.49,15.42,15.31,14.94,15.34,14.05,13.82,14.85,14.83,13.24,12.52,12.07,12.89,12.42,11.79,11.55,9.45,9.31,11.05,11.68,11.48,8.17,8.86,8.35,10.42,10.29,11.73
Austria,CAIT,Electricity/Heat,All GHG,MtCO₂e,17.71,19.99,18.23,19.39,19.38,21.2,21.87,24.38,24.14,19.91,23.59,23.67,24.64,25.65,24.82,24.03,22.05,21.55,19.71,20.09,20.96,21.84,21.34,20.78,19.23,17.71,17.57,20.81,19.97
Germany,CAIT,Other Fuel Combustion,All GHG,MtCO₂e,17.52,11.07,11.34,11.02,10.85,10.89,10.78,10.6,10.29,8.46,8.55,8.36,8.29,8.21,8.25,8.35,18.29,18.69,18.54,19.76,25.6,26.7,26.74,23.6,22.75,22.25,25.79,28.93,29.29
Slovenia,CAIT,Total including LUCF,All GHG,MtCO₂e,17.51,17.65,17.48,13.68,13.6,15.15,15.79,16.4,7.56,7.26,9.25,8.26,8.33,7.96,7.76,7.54,7.57,7.5,8.76,9.06,9.75,10.02,9.54,8.72,7.85,7.77,7.06,7.32,8.35
France,CAIT,Other Fuel Combustion,All GHG,MtCO₂e,17.4,17.31,17.48,18.28,18.44,19.03,18.42,19.08,19.24,19.49,20.11,19.94,20.58,21.59,22.43,22.02,21.83,21.98,21.69,22.21,23.47,21.12,21.73,20.87,20.52,21.46,21.46,21.89,20.44
Greece,CAIT,Transportation,All GHG,MtCO₂e,17.17,16.88,17.16,16.69,16.35,16.31,16.42,19.64,21.99,24.8,22.2,22.88,22.29,21.78,21.39,20.98,20.03,19.77,19.07,19.6,19.42,17.78,17.19,16.71,16.59,16.49,16.28,15.88,15.06
Slovenia,CAIT,Total excluding LUCF,All GHG,MtCO₂e,17.17,17.31,17.13,16.31,16.23,17.78,18.42,19.02,19.08,18.79,20.78,19.79,19.85,19.49,19.29,19.06,19.09,19.02,18.12,18.42,19.15,19.42,18.94,18.12,17.25,17.17,16.46,16.72,17.76
Poland,CAIT,Other Fuel Combustion,All GHG,MtCO₂e,17.12,16.89,15.86,14.99,15.46,16.25,16.68,16.36,17.18,16.18,16.37,15.74,17.08,18.73,17.94,17.49,17.28,18.04,18.13,19.68,19.27,21.47,21.29,20.31,20.75,20.15,16.93,15.79,13.4
Italy,CAIT,Waste,All GHG,MtCO₂e,16.99,17.23,17.47,17.82,17.64,17.74,18.98,18.9,19.55,19.74,19.65,20.17,20.52,21.1,21.04,21.63,21.82,22.59,21.38,20.4,20.37,20.64,20.09,19.41,18.83,18.21,17.7,17.31,16.69
Portugal,CAIT,Transportation,All GHG,MtCO₂e,16.82,16.7,16.35,15.77,15.69,15.61,15.83,17.2,18.53,18.96,19.24,19.18,19.01,19.07,19.9,19.44,18.49,17.85,17.61,16.25,15.52,14.25,13.69,12.92,12.43,11.82,11.26,10.35,9.69
Sweden,CAIT,Transportation,All GHG,MtCO₂e,16.49,17.33,17.59,18.41,18.36,18.85,19.35,20.38,20.67,20.29,20.82,21.26,21.11,20.99,22.04,21.64,21.35,21.14,21.21,21.07,20.63,20.33,20.1,20.34,20.15,19.44,20.34,19.56,19.86
Croatia,CAIT,Energy,All GHG,MtCO₂e,16.08,16.99,16.66,16.32,15.85,16.71,17.24,18.82,19.17,19.96,21.06,22.13,20.88,20.84,20.53,21.1,19.7,18.66,17.65,18.28,18.48,17.15,15.59,15.63,14.84,15.72,15.0,15.62,21.4
Estonia,CAIT,Energy,All GHG,MtCO₂e,16.0,16.28,15.77,15.44,17.68,19.07,16.65,17.9,18.86,14.97,17.96,19.53,15.72,17.01,16.82,16.75,14.78,15.18,14.7,15.08,16.11,16.73,17.14,16.15,17.74,18.26,23.66,31.66,35.32
Poland,CAIT,Industrial Processes,All GHG,MtCO₂e,15.68,16.25,16.35,16.1,16.17,15.1,15.47,16.02,14.34,13.18,17.05,17.8,15.97,14.19,13.21,11.94,10.82,11.22,11.71,10.46,10.49,11.07,10.63,10.9,10.47,8.95,8.87,8.77,9.19
Romania,CAIT,Agriculture,All GHG,MtCO₂e,15.59,15.59,15.48,15.35,14.97,15.04,14.26,14.85,16.23,16.6,16.97,16.46,16.6,16.85,16.82,15.89,15.54,16.38,16.43,16.93,17.79,18.63,18.83,19.06,20.36,21.18,23.46,25.86,31.25
Italy,CAIT,Other Fuel Combustion,All GHG,MtCO₂e,15.08,14.68,14.87,14.93,14.4,14.9,15.06,14.54,16.09,16.53,16.95,16.89,16.58,16.55,15.66,16.22,15.24,15.97,16.04,16.84,17.1,16.95,17.13,17.39,16.87,16.81,16.01,15.8,15.93
France,CAIT,Waste,All GHG,MtCO₂e,14.78,14.87,14.96,15.98,16.86,17.42,17.92,18.56,19.1,19.04,19.6,19.82,20.05,20.24,20.5,20.65,20.63,20.47,20.22,19.92,19.56,18.98,18.62,18.23,17.75,17.27,16.48,15.73,15.06
Slovenia,CAIT,Energy,All GHG,MtCO₂e,14.23,14.32,14.18,13.37,13.29,14.85,15.51,16.1,16.13,15.79,17.51,16.45,16.49,16.13,15.94,15.66,15.76,15.61,14.81,15.21,15.85,16.11,15.66,14.84,13.95,13.97,13.16,13.45,14.27
Hungary,CAIT,Electricity/Heat,All GHG,MtCO₂e,13.69,14.35,13.89,13.72,13.27,13.47,15.85,16.62,17.29,16.9,20.0,20.8,19.92,19.6,21.51,23.56,22.57,23.98,23.79,26.55,26.89,26.03,25.01,24.67,24.31,24.9,24.56,24.14,23.41
Hungary,CAIT,Transportation,All GHG,MtCO₂e,13.58,12.84,12.19,11.93,10.93,9.79,10.51,10.83,11.65,12.81,12.89,12.97,12.6,11.8,10.89,10.4,9.95,9.34,8.87,8.93,8.4,7.53,7.11,7.12,6.92,7.1,7.11,7.35,8.4
Spain,CAIT,Waste,All GHG,MtCO₂e,13.1,13.06,13.02,13.07,12.3,13.17,13.55,13.72,13.15,14.18,12.91,12.78,12.55,12.3,12.05,12.47,12.66,12.44,12.14,11.99,11.67,11.34,10.85,10.55,10.24,9.8,9.46,9.13,8.89
Denmark,CAIT,Transportation,All GHG,MtCO₂e,12.66,12.46,12.22,11.96,11.53,11.45,11.63,12.75,13.04,13.21,13.92,14.15,13.55,13.37,13.12,12.71,12.24,12.06,12.03,12.04,12.0,11.94,11.82,11.7,11.57,11.13,10.86,10.9,10.31
Romania,CAIT,Manufacturing/Construction,All GHG,MtCO₂e,12.52,11.81,11.66,12.39,12.43,12.32,13.13,13.31,12.78,12.54,18.45,18.93,19.68,20.91,20.67,20.63,21.23,20.24,18.74,17.63,20.23,25.35,29.92,31.17,26.48,15.66,17.2,45.52,60.4
Czech Republic,CAIT,Manufacturing/Construction,All GHG,MtCO₂e,12.44,12.21,11.44,11.7,11.54,11.76,12.55,12.79,13.32,16.69,17.25,18.11,19.77,20.18,20.75,20.63,20.5,22.4,24.08,19.91,23.21,24.77,25.37,26.51,27.38,33.01,40.04,37.05,46.68
Ireland,CAIT,Transportation,All GHG,MtCO₂e,11.87,11.67,11.94,11.09,11.09,10.62,10.51,10.78,11.74,12.38,13.71,14.53,13.96,12.81,12.0,11.29,11.09,10.89,10.4,9.58,8.65,7.29,6.92,5.9,5.77,5.53,5.5,5.09,4.9
Estonia,CAIT,Electricity/Heat,All GHG,MtCO₂e,11.82,12.17,11.71,11.49,13.6,14.8,12.55,13.79,14.97,11.22,13.48,14.87,11.47,12.81,12.76,12.77,10.94,11.09,11.29,11.78,12.17,12.59,12.6,12.0,13.82,14.14,19.29,24.4,26.69
Lithuania,CAIT,Energy,All GHG,MtCO₂e,11.77,11.41,11.4,11.18,11.09,11.46,12.13,12.06,12.91,11.98,13.22,13.29,13.12,13.06,12.13,11.48,11.46,11.38,10.73,12.41,14.83,14.1,14.46,14.01,15.03,15.99,19.85,35.13,33.1
Latvia,CAIT,Total excluding LUCF,All GHG,MtCO₂e,11.66,11.26,11.34,11.5,11.44,11.49,11.54,11.75,12.39,11.22,12.01,12.36,11.94,11.41,11.25,11.17,11.06,11.02,10.49,11.27,11.98,12.43,13.01,13.02,14.76,17.74,20.93,23.66,25.38
Finland,CAIT,Transportation,All GHG,MtCO₂e,11.51,11.31,11.91,10.7,10.71,11.83,11.99,12.29,12.47,11.96,12.53,13.15,12.81,12.63,12.6,12.27,12.07,11.89,11.75,12.17,11.86,11.7,11.09,11.36,11.57,11.12,11.35,11.4,11.72
Denmark,CAIT,Electricity/Heat,All GHG,MtCO₂e,11.5,11.52,13.88,12.78,15.53,19.07,16.9,20.13,24.31,24.39,24.47,26.62,31.33,23.6,26.89,32.79,27.88,27.67,26.43,29.49,32.57,36.09,45.14,32.57,36.2,32.04,30.47,35.46,26.55
Spain,CAIT,Other Fuel Combustion,All GHG,MtCO₂e,11.33,10.68,10.3,10.45,11.42,12.15,11.85,11.59,12.41,11.77,12.25,13.46,14.83,12.78,13.22,11.94,9.85,9.75,10.66,9.51,8.54,8.84,8.75,8.64,8.36,8.0,7.86,7.38,6.87
Slovakia,CAIT,Electricity/Heat,All GHG,MtCO₂e,10.97,11.87,11.68,11.78,11.34,12.65,12.92,13.58,13.8,13.11,13.65,14.87,15.67,16.07,16.22,17.12,14.95,16.43,14.41,16.48,16.59,17.27,17.28,17.98,16.34,18.12,16.56,17.18,17.75
Austria,CAIT,Manufacturing/Construction,All GHG,MtCO₂e,10.82,10.64,10.71,10.38,10.22,10.71,11.07,11.24,11.13,10.63,11.23,10.97,11.27,11.05,11.71,11.05,10.3,10.54,10.68,9.52,10.31,10.97,9.83,9.71,9.26,9.4,9.14,10.08,9.52
Czech Republic,CAIT,Building,All GHG,MtCO₂e,10.72,11.47,11.23,10.66,10.29,11.88,11.81,11.73,13.0,11.07,11.19,10.77,12.48,11.84,14.18,14.21,12.76,13.73,12.51,12.45,13.32,14.56,15.86,14.91,14.11,14.7,15.28,22.19,23.23
Ireland,CAIT,Electricity/Heat,All GHG,MtCO₂e,10.57,12.01,12.86,12.11,11.43,11.61,13.01,12.11,13.5,13.11,14.63,14.9,15.27,15.6,15.1,15.5,16.36,17.01,15.69,15.57,15.08,14.26,13.74,13.14,12.63,12.17,12.15,11.43,10.87
Greece,CAIT,Bunker Fuels,All GHG,MtCO₂e,10.3,9.82,8.16,8.2,8.33,8.85,9.22,11.09,10.77,10.92,12.83,13.16,12.67,11.48,12.75,12.58,12.27,13.4,13.9,12.7,13.61,12.37,12.42,13.89,13.27,12.26,10.7,9.51,10.48
Denmark,CAIT,Agriculture,All GHG,MtCO₂e,10.22,10.47,10.51,10.54,10.36,10.24,10.4,10.36,10.42,10.23,10.49,10.53,10.39,10.52,10.63,10.93,11.01,11.3,11.2,11.21,11.72,11.78,11.85,11.91,11.96,12.25,12.07,12.42,12.52
Luxembourg,CAIT,Total excluding LUCF,All GHG,MtCO₂e,10.22,9.92,9.77,10.05,10.56,11.05,11.58,11.83,11.98,11.38,11.96,12.03,12.62,12.82,12.59,11.15,10.74,9.96,9.4,8.87,8.48,9.16,9.66,9.58,11.73,12.57,12.36,12.68,12.2
Poland,CAIT,Waste,All GHG,MtCO₂e,10.03,10.13,10.24,11.0,11.48,11.92,12.09,12.55,13.0,13.12,13.07,13.39,13.45,13.71,13.93,14.28,14.36,14.43,14.87,14.73,14.76,14.79,14.88,15.1,15.37,15.79,16.02,16.2,16.4
Hungary,CAIT,Building,All GHG,MtCO₂e,9.98,10.63,10.27,9.87,9.09,10.06,10.55,12.05,12.71,12.08,12.12,11.97,14.64,16.16,15.56,15.51,14.08,14.11,13.2,13.22,12.67,13.62,14.65,14.22,15.05,14.96,14.05,17.89,16.93
Luxembourg,CAIT,Total including LUCF,All GHG,MtCO₂e,9.94,9.64,9.5,9.81,10.32,10.81,11.34,11.59,11.46,10.86,11.44,11.52,12.11,12.3,12.07,10.63,10.23,9.44,8.85,8.23,7.84,8.52,9.02,8.94,11.09,11.93,11.72,12.04,11.56
Bulgaria,CAIT,Transportation,All GHG,MtCO₂e,9.44,9.23,9.09,8.97,8.17,7.3,8.25,7.97,7.79,8.01,8.34,7.96,8.13,7.63,6.83,6.42,5.83,5.6,5.43,5.65,5.42,4.28,4.14,4.19,3.94,4.31,3.81,3.48,6.44
Belgium,CAIT,Agriculture,All GHG,MtCO₂e,9.4,9.32,9.59,9.76,9.66,9.49,9.59,9.74,9.83,9.79,9.64,9.76,9.77,9.92,10.07,10.23,10.64,10.07,10.2,11.6,11.17,11.27,11.5,11.48,11.32,11.35,11.41,11.62,11.55
Romania,CAIT,Fugitive Emissions,All GHG,MtCO₂e,9.39,9.55,9.72,10.41,10.75,10.94,11.36,11.78,11.6,12.02,13.06,13.29,15.05,15.8,16.48,17.91,18.56,19.62,17.03,15.8,16.42,18.2,19.87,20.24,20.12,19.93,20.93,23.45,28.22
Greece,CAIT,Industrial Processes,All GHG,MtCO₂e,9.19,9.63,10.17,9.65,9.87,9.58,8.7,7.78,9.23,9.64,11.49,11.92,12.13,12.6,12.02,11.86,12.22,12.19,12.8,14.06,13.15,12.69,12.36,11.57,9.69,9.04,8.26,8.33,8.34
Luxembourg,CAIT,Energy,All GHG,MtCO₂e,9.06,8.74,8.62,8.92,9.41,9.91,10.44,10.64,10.8,10.21,10.77,10.83,11.43,11.62,11.36,9.97,9.49,8.79,8.17,7.55,7.22,7.9,8.41,8.32,10.42,11.31,11.01,11.33,10.83
Romania,CAIT,Building,All GHG,MtCO₂e,9.03,8.73,8.32,8.29,8.04,8.44,8.62,8.25,8.24,8.28,8.27,9.67,11.47,9.78,9.51,8.88,7.37,7.26,7.44,7.11,7.92,7.39,6.04,6.08,5.39,6.17,6.85,8.8,8.65
Latvia,CAIT,Total including LUCF,All GHG,MtCO₂e,8.89,8.47,8.56,8.83,8.76,8.84,8.89,9.1,-1.41,-2.59,-1.8,-1.48,-1.91,-2.44,-2.6,-2.69,-2.83,-2.87,-2.21,-1.52,-0.87,-0.44,0.12,0.13,1.8,4.78,7.97,10.66,12.38
Netherlands,CAIT,Other Fuel Combustion,All GHG,MtCO₂e,8.88,9.11,9.38,9.44,8.94,10.02,10.01,10.22,11.51,10.11,10.16,9.77,9.58,10.58,10.4,10.41,10.51,11.26,11.5,11.4,11.53,11.76,13.25,12.28,11.93,12.47,12.01,12.3,11.3
Germany,CAIT,Waste,All GHG,MtCO₂e,8.63,9.06,9.48,10.07,10.68,11.34,12.11,12.94,13.81,14.93,16.17,17.4,18.77,20.44,21.89,23.35,24.87,26.38,28.05,29.7,31.41,33.55,36.55,38.07,39.13,40.0,40.21,39.66,38.31
Sweden,CAIT,Electricity/Heat,All GHG,MtCO₂e,8.61,9.97,10.04,9.18,9.3,9.58,9.95,10.59,13.2,10.62,10.39,10.03,11.7,11.43,12.38,12.94,11.63,10.49,9.74,11.66,12.87,11.95,16.18,11.7,12.42,11.88,11.65,11.95,9.77
Cyprus,CAIT,Total excluding LUCF,All GHG,MtCO₂e,8.6,8.68,8.54,8.14,8.08,7.7,8.37,8.88,9.13,9.44,9.62,9.43,9.11,9.0,8.86,8.92,8.25,8.02,8.1,7.84,7.56,7.23,7.15,6.77,6.88,6.63,6.36,5.94,5.41
Sweden,CAIT,Bunker Fuels,All GHG,MtCO₂e,8.58,10.07,8.79,7.97,7.63,7.47,7.5,7.71,8.32,8.9,8.85,8.56,8.62,8.07,7.93,6.68,5.42,6.55,6.41,6.87,6.88,6.02,5.32,5.11,5.12,4.56,4.02,3.6,3.2
Slovakia,CAIT,Manufacturing/Construction,All GHG,MtCO₂e,8.41,7.75,7.3,7.1,7.22,7.02,6.87,6.71,6.77,6.4,7.98,8.23,8.36,8.38,8.27,8.78,9.11,8.53,9.82,9.18,9.71,10.78,11.17,10.44,11.64,11.16,13.43,14.3,15.82
Cyprus,CAIT,Total including LUCF,All GHG,MtCO₂e,8.35,8.43,8.29,7.83,7.77,7.38,8.05,8.56,8.87,9.18,9.36,9.17,8.85,8.74,8.6,8.65,7.99,7.76,8.03,7.77,7.49,7.17,7.08,6.7,6.81,6.56,6.29,5.87,5.35
Ireland,CAIT,Building,All GHG,MtCO₂e,8.06,7.48,7.64,7.71,7.38,8.21,8.12,8.18,9.97,9.75,10.09,9.44,9.7,9.52,9.16,9.13,8.85,8.99,8.6,8.63,8.79,8.33,8.6,8.48,8.71,8.65,8.69,9.44,9.7
Greece,CAIT,Agriculture,All GHG,MtCO₂e,7.88,7.73,7.64,7.65,7.9,8.14,8.35,8.96,8.47,8.03,8.44,8.28,8.34,8.57,8.85,9.06,9.04,8.98,9.22,9.17,9.24,9.34,9.54,9.32,9.48,9.32,9.68,9.91,10.08
Hungary,CAIT,Agriculture,All GHG,MtCO₂e,7.79,7.43,7.4,7.21,7.18,7.11,6.62,6.8,6.57,6.72,7.27,6.99,7.1,7.07,7.54,7.14,7.36,7.77,7.57,7.67,7.42,7.66,7.75,7.15,7.62,7.94,8.31,10.24,10.85
Slovakia,CAIT,Transportation,All GHG,MtCO₂e,7.73,7.8,6.74,5.97,6.06,6.48,6.47,7.12,7.15,6.32,7.33,6.69,6.11,6.51,5.93,5.63,6.15,5.35,4.06,4.25,4.18,4.11,3.52,3.8,3.36,2.94,3.55,3.39,4.09
Latvia,CAIT,Energy,All GHG,MtCO₂e,7.6,7.09,7.21,7.25,7.17,7.33,7.4,7.7,8.48,7.61,8.36,8.81,8.47,8.06,7.95,7.92,7.71,7.72,7.29,7.89,8.53,8.96,9.46,9.46,10.71,12.33,14.44,17.9,19.45
Finland,CAIT,Manufacturing/Construction,All GHG,MtCO₂e,7.58,7.29,7.38,7.29,7.45,7.48,7.64,8.4,9.05,7.49,8.99,9.42,9.78,9.77,10.27,10.2,10.52,10.89,10.96,12.79,13.39,11.93,11.64,11.76,13.45,12.22,12.69,13.11,13.61
Malta,CAIT,Bunker Fuels,All GHG,MtCO₂e,7.56,7.14,6.0,5.28,4.24,4.1,4.1,4.6,4.96,3.88,3.21,2.98,2.67,2.37,3.43,3.16,2.63,2.59,2.46,0.32,0.32,0.62,0.27,0.36,0.34,0.34,0.4,0.37,0.31
Germany,CAIT,Fugitive Emissions,All GHG,MtCO₂e,7.51,7.51,7.51,8.08,9.22,10.01,10.71,9.97,10.04,10.45,11.96,12.39,13.6,15.42,17.64,21.36,23.6,25.62,28.68,30.6,27.05,29.69,30.43,31.6,32.61,34.88,33.69,36.17,35.99
Austria,CAIT,Building,All GHG,MtCO₂e,7.45,8.2,7.99,7.78,7.34,8.32,8.11,8.51,9.78,9.59,10.39,10.05,11.98,12.3,12.65,13.12,12.38,13.05,11.86,12.96,12.46,12.42,13.94,12.54,11.42,12.38,12.61,13.27,11.89
Austria,CAIT,Agriculture,All GHG,MtCO₂e,7.41,7.43,7.49,7.47,7.48,7.38,7.42,7.47,7.44,7.32,7.44,7.33,7.46,7.58,7.6,7.68,7.92,8.11,8.15,8.33,8.39,8.57,8.7,8.67,9.07,9.17,9.52,9.76,9.81
Sweden,CAIT,Agriculture,All GHG,MtCO₂e,7.24,7.5,7.36,7.4,7.44,7.25,7.2,7.37,7.32,7.2,7.52,7.39,7.39,7.52,7.69,7.65,7.75,7.82,7.98,8.07,8.19,8.43,8.45,8.3,8.59,8.67,8.41,8.19,8.59
Portugal,CAIT,Agriculture,All GHG,MtCO₂e,7.02,7.33,7.08,7.09,6.96,6.72,6.75,6.71,6.63,6.78,6.87,6.9,6.76,6.98,7.04,6.97,7.29,6.96,7.53,7.66,7.69,7.65,7.75,7.57,7.63,7.47,7.69,7.93,8.09
Finland,CAIT,Land-Use Change and Forestry,All GHG,MtCO₂e,6.94,6.7,6.62,-54.62,-54.62,-54.65,-54.65,-54.68,-14.83,-14.87,-14.92,-14.95,-14.97,-14.99,-15.02,-15.18,-15.23,-15.3,-30.66,-30.87,-31.05,-31.09,-31.1,-31.11,-31.13,-31.13,-31.13,-31.13,-31.13
Sweden,CAIT,Manufacturing/Construction,All GHG,MtCO₂e,6.91,6.9,6.84,7.18,6.97,7.42,7.9,8.61,8.94,6.89,9.37,9.85,9.82,10.77,12.28,12.22,12.58,12.2,13.63,14.28,14.15,14.1,15.26,14.8,14.65,14.36,13.28,11.35,11.88
Hungary,CAIT,Manufacturing/Construction,All GHG,MtCO₂e,6.81,6.49,5.86,5.8,5.39,5.64,4.97,5.72,4.36,4.09,5.56,5.67,5.77,5.93,5.81,5.9,6.06,6.0,5.76,6.21,6.43,6.88,8.54,8.3,8.39,8.87,9.47,11.76,14.06
Czech Republic,CAIT,Agriculture,All GHG,MtCO₂e,6.69,6.8,7.12,7.04,6.58,6.48,6.44,6.01,5.93,5.98,6.18,6.26,6.1,6.2,6.33,6.39,6.44,7.47,7.16,7.14,7.31,7.76,8.3,8.24,8.65,9.42,10.64,11.8,13.56
Portugal,CAIT,Bunker Fuels,All GHG,MtCO₂e,6.68,6.33,5.89,5.19,4.84,4.87,4.71,4.54,4.11,3.98,4.31,4.12,4.32,4.02,4.19,3.79,3.34,3.37,4.05,3.73,2.9,3.17,3.13,3.09,3.05,3.1,3.45,3.4,3.31
Cyprus,CAIT,Energy,All GHG,MtCO₂e,6.39,6.46,6.35,5.98,5.85,5.71,6.6,7.09,7.35,7.6,7.67,7.51,7.2,7.13,6.98,7.09,6.41,6.26,6.37,6.14,5.88,5.53,5.41,5.1,5.2,4.99,4.8,4.49,3.94
Portugal,CAIT,Waste,All GHG,MtCO₂e,6.35,6.38,6.41,6.49,6.62,6.76,6.91,7.12,6.94,6.88,7.02,7.46,7.6,7.67,8.11,7.98,7.68,7.39,7.26,7.19,7.11,6.82,6.62,6.58,6.3,6.03,5.84,5.61,5.42
Croatia,CAIT,Transportation,All GHG,MtCO₂e,6.3,6.53,6.07,5.85,5.54,5.59,5.51,5.71,5.83,6.05,6.05,6.14,5.78,5.43,5.25,5.09,4.69,4.38,4.32,4.29,4.06,3.91,3.47,3.27,3.08,2.91,2.76,2.85,3.56
Luxembourg,CAIT,Transportation,All GHG,MtCO₂e,6.07,5.69,5.58,5.75,6.19,6.48,6.63,6.95,6.55,6.19,6.72,6.62,6.9,7.21,6.83,5.86,5.31,5.1,4.85,4.25,3.82,3.65,3.44,3.35,3.52,3.47,3.44,3.15,2.63
Lithuania,CAIT,Transportation,All GHG,MtCO₂e,6.05,5.69,5.44,5.05,4.76,4.28,4.28,4.25,4.28,4.14,5.01,5.03,4.33,4.06,3.83,3.49,3.44,3.32,3.04,3.41,3.82,3.63,3.24,2.94,2.4,3.07,4.01,6.08,5.51
Finland,CAIT,Agriculture,All GHG,MtCO₂e,5.92,5.93,6.0,6.04,6.09,6.02,5.99,6.0,6.42,6.23,6.56,6.32,6.2,6.45,6.33,6.34,6.48,6.37,6.48,6.5,6.56,6.71,6.67,6.73,6.91,6.88,6.9,7.03,7.54
Slovenia,CAIT,Transportation,All GHG,MtCO₂e,5.72,5.77,5.65,5.28,5.3,5.29,5.58,5.57,5.21,5.08,6.06,5.15,4.55,4.31,4.04,3.86,3.8,3.69,3.53,3.59,3.79,4.56,4.36,3.84,3.45,3.09,2.56,2.48,2.62
Romania,CAIT,Waste,All GHG,MtCO₂e,5.69,5.73,5.78,5.79,5.79,5.8,5.51,4.95,5.46,5.38,5.38,5.43,5.3,5.45,5.47,5.4,5.3,5.3,5.27,5.3,5.23,5.27,5.2,5.14,4.92,4.89,4.87,4.94,5.02
Portugal,CAIT,Manufacturing/Construction,All GHG,MtCO₂e,5.54,5.67,5.34,5.54,5.58,5.39,5.59,6.33,6.6,6.47,7.07,7.93,7.48,7.74,8.04,8.66,10.15,10.18,10.87,10.64,10.45,9.28,8.73,8.2,8.55,7.8,8.15,8.32,8.07
Romania,CAIT,Industrial Processes,All GHG,MtCO₂e,5.38,5.5,5.49,5.39,4.8,4.59,5.43,5.45,5.05,4.78,6.28,7.5,6.69,6.72,6.44,5.85,6.01,6.84,7.67,7.13,7.58,8.28,9.02,8.89,7.71,8.06,7.94,8.32,11.35
Belgium,CAIT,Industrial Processes,All GHG,MtCO₂e,5.35,5.58,5.96,5.83,6.25,6.07,6.27,6.2,7.08,6.79,6.83,6.72,7.22,7.85,7.72,7.59,8.16,8.23,8.64,8.55,8.69,8.44,8.38,8.1,7.68,7.07,6.84,6.7,6.5
Portugal,CAIT,Industrial Processes,All GHG,MtCO₂e,5.28,5.51,5.5,5.98,6.01,5.6,5.16,5.28,5.89,5.54,6.37,6.34,5.91,5.84,5.63,5.06,5.2,4.78,4.9,4.8,4.46,4.37,4.11,4.15,3.81,3.76,3.77,3.89,3.82
Bulgaria,CAIT,Agriculture,All GHG,MtCO₂e,5.26,5.31,5.28,5.25,5.14,4.98,4.72,5.52,4.87,5.08,4.89,4.76,4.47,4.93,5.46,5.67,5.47,5.22,5.21,5.1,5.07,5.26,5.41,5.31,6.22,6.95,8.66,11.03,11.89
Greece,CAIT,Manufacturing/Construction,All GHG,MtCO₂e,5.08,5.27,6.48,6.3,5.99,5.63,5.83,5.77,6.67,6.45,8.53,10.21,9.03,8.7,8.79,9.54,9.89,10.33,10.2,9.3,10.39,10.43,10.31,9.63,8.89,8.97,9.17,9.53,9.64
Czech Republic,CAIT,Industrial Processes,All GHG,MtCO₂e,4.97,5.19,5.38,5.12,4.81,4.42,4.65,4.64,4.21,4.17,4.67,4.49,3.97,3.67,3.64,3.29,3.12,3.37,3.59,3.41,3.67,3.56,3.48,3.36,3.42,3.19,3.67,1.01,1.39
Lithuania,CAIT,Agriculture,All GHG,MtCO₂e,4.92,5.11,5.16,5.3,5.19,5.18,5.25,5.2,5.16,5.22,5.2,5.43,5.28,5.31,5.35,5.27,5.19,5.05,5.45,5.65,5.93,6.08,6.08,6.01,6.61,7.49,9.2,9.12,9.46
Denmark,CAIT,Bunker Fuels,All GHG,MtCO₂e,4.89,4.57,4.92,5.03,5.01,4.45,4.12,4.68,4.59,3.92,5.54,5.99,5.77,4.97,4.79,5.05,4.82,5.75,6.39,6.39,6.53,6.36,6.71,6.87,6.6,5.91,4.55,4.36,4.78
Slovenia,CAIT,Electricity/Heat,All GHG,MtCO₂e,4.82,4.94,4.91,4.58,4.53,5.8,6.02,6.3,6.21,6.1,6.37,6.54,6.44,6.3,6.25,6.17,6.47,6.15,5.66,5.53,6.35,5.96,5.65,5.94,5.64,6.03,5.97,5.46,6.32
Bulgaria,CAIT,Manufacturing/Construction,All GHG,MtCO₂e,4.79,4.39,3.73,3.67,3.35,3.29,3.28,3.62,3.72,3.51,6.13,8.43,7.98,7.86,8.02,8.09,7.49,7.87,7.98,7.85,11.37,14.11,8.73,9.05,7.91,6.4,7.38,8.89,12.09
Czech Republic,CAIT,Waste,All GHG,MtCO₂e,4.69,4.71,4.73,4.71,4.63,4.65,4.58,4.55,4.53,4.39,4.27,4.12,4.16,4.11,4.07,4.11,4.01,3.91,3.8,3.74,3.72,3.6,3.48,3.45,3.45,3.32,3.25,3.24,3.1
Greece,CAIT,Building,All GHG,MtCO₂e,4.65,5.4,5.54,6.09,4.39,4.45,7.47,9.91,7.79,8.65,9.91,10.11,11.08,11.33,10.75,11.1,9.41,9.1,8.3,7.7,7.88,7.53,7.26,5.42,5.16,5.11,5.17,5.31,5.16
Italy,CAIT,Fugitive Emissions,All GHG,MtCO₂e,4.63,4.71,4.79,5.03,5.6,5.87,6.09,6.12,6.25,5.99,6.11,6.05,6.21,6.87,6.88,7.12,7.25,7.19,7.61,7.8,8.05,7.99,8.03,8.18,8.49,8.7,8.86,8.8,8.87
Greece,CAIT,Waste,All GHG,MtCO₂e,4.59,4.56,4.54,4.53,4.53,4.46,4.35,4.56,4.78,4.48,4.77,4.76,4.94,4.76,4.66,4.65,4.53,4.58,5.35,5.35,5.4,5.21,5.25,5.15,5.14,4.99,4.94,4.84,4.86
Slovakia,CAIT,Building,All GHG,MtCO₂e,4.28,4.55,4.17,4.33,4.24,5.34,4.7,5.14,6.56,6.51,6.17,5.63,6.04,5.94,5.45,5.56,6.42,6.7,8.18,8.48,8.6,8.33,8.53,8.39,8.61,10.07,10.32,11.82,15.37
Ireland,CAIT,Manufacturing/Construction,All GHG,MtCO₂e,4.15,3.97,3.93,3.85,3.58,3.53,3.62,3.63,3.54,3.67,4.93,4.88,5.59,5.5,5.36,5.2,4.96,5.23,5.29,4.55,4.34,4.37,4.01,4.22,4.16,3.96,3.8,4.09,3.99
Bulgaria,CAIT,Waste,All GHG,MtCO₂e,3.94,3.99,4.04,4.17,4.31,4.42,4.4,4.57,4.59,4.72,4.87,5.04,5.16,5.32,5.71,5.85,5.71,5.99,6.31,6.46,6.69,6.96,7.0,6.98,6.53,7.42,7.63,7.65,7.96
Czech Republic,CAIT,Fugitive Emissions,All GHG,MtCO₂e,3.92,3.89,3.87,4.19,4.31,4.37,5.27,5.49,5.52,5.47,5.84,5.88,6.3,6.09,5.63,5.89,5.97,6.42,6.8,7.57,8.3,8.65,8.81,8.94,9.08,9.56,9.69,10.23,11.4
Croatia,CAIT,Electricity/Heat,All GHG,MtCO₂e,3.88,4.49,4.83,4.76,4.79,5.22,5.64,6.32,6.04,6.52,6.93,8.04,6.91,7.12,7.1,8.19,7.53,6.7,6.19,6.76,7.41,6.32,5.92,6.07,5.43,6.65,6.17,5.59,7.9
Poland,CAIT,Bunker Fuels,All GHG,MtCO₂e,3.85,3.38,2.62,2.54,2.21,2.02,2.07,2.03,2.21,2.24,2.47,2.12,2.21,1.98,1.65,1.76,1.65,1.64,1.73,1.93,1.7,1.52,1.47,1.25,1.17,1.16,1.5,1.17,1.91
Ireland,CAIT,Bunker Fuels,All GHG,MtCO₂e,3.7,3.45,3.02,2.94,2.58,2.32,2.09,2.36,2.59,1.96,2.94,3.25,2.83,2.7,2.53,2.71,2.69,2.6,2.22,2.04,1.77,1.71,1.52,1.49,1.26,1.45,0.96,1.11,1.1
Denmark,CAIT,Manufacturing/Construction,All GHG,MtCO₂e,3.67,3.72,3.55,3.4,3.46,3.45,3.68,3.98,4.0,3.81,4.64,5.14,5.32,5.16,5.35,5.22,5.19,5.59,5.39,5.71,5.65,5.82,5.9,5.97,5.73,5.69,5.75,5.89,5.46
Netherlands,CAIT,Industrial Processes,All GHG,MtCO₂e,3.5,3.68,3.8,3.82,3.76,3.87,3.86,3.98,4.23,4.05,4.21,7.81,8.8,8.64,8.72,8.49,10.55,9.75,13.05,14.33,20.34,19.37,18.96,17.04,17.99,16.74,15.5,14.48,15.56
Romania,CAIT,Other Fuel Combustion,All GHG,MtCO₂e,3.5,3.25,2.94,3.08,3.0,3.04,3.45,3.25,2.96,2.92,3.3,3.0,2.59,2.83,2.85,2.34,2.16,2.28,2.61,2.48,3.87,4.45,3.39,3.53,2.93,3.55,4.53,7.76,9.19
Austria,CAIT,Industrial Processes,All GHG,MtCO₂e,3.44,3.57,3.72,3.69,3.6,3.53,3.53,3.46,3.54,3.59,4.28,4.2,3.98,3.78,4.0,4.43,4.2,4.1,4.07,3.93,3.96,4.28,4.13,3.99,4.34,4.29,4.15,4.78,4.69
Finland,CAIT,Bunker Fuels,All GHG,MtCO₂e,3.35,3.15,2.82,2.85,2.17,2.3,2.22,2.53,2.27,2.31,3.01,3.06,3.16,2.86,2.88,3.11,3.09,2.88,3.15,2.83,2.64,2.26,2.12,1.92,2.13,2.46,2.98,2.64,2.78
Cyprus,CAIT,Electricity/Heat,All GHG,MtCO₂e,3.27,3.22,3.21,2.94,2.87,2.77,3.46,3.65,3.79,3.93,3.89,3.74,3.56,3.49,3.31,3.52,3.0,2.84,2.96,2.82,2.64,2.41,2.28,2.17,2.37,2.24,2.12,1.82,1.76
Hungary,CAIT,Waste,All GHG,MtCO₂e,3.26,3.31,3.36,3.46,3.52,3.64,3.88,3.92,4.02,4.13,4.17,4.19,4.19,4.26,4.28,4.4,4.33,4.24,4.24,4.16,4.1,4.05,4.01,4.0,3.96,3.93,3.88,3.84,3.76
Latvia,CAIT,Transportation,All GHG,MtCO₂e,3.24,3.24,3.08,3.06,2.88,2.76,2.73,2.82,3.18,3.11,3.55,3.75,3.32,3.0,2.88,2.74,2.59,2.51,2.12,1.91,1.94,1.97,1.93,2.01,2.11,2.28,2.45,2.79,3.06
Czech Republic,CAIT,Other Fuel Combustion,All GHG,MtCO₂e,3.1,3.21,3.16,3.18,3.17,3.22,3.21,3.2,3.19,3.1,3.25,3.18,3.25,3.21,3.16,3.53,3.6,3.7,4.68,4.55,3.89,4.25,4.07,7.66,9.58,10.12,6.33,7.65,8.39
Ireland,CAIT,Industrial Processes,All GHG,MtCO₂e,2.98,3.06,3.1,2.83,2.68,2.27,2.21,2.03,2.17,2.42,3.21,3.58,3.56,3.4,3.41,3.46,3.15,3.49,3.46,2.66,2.4,2.53,2.19,1.96,1.79,1.63,1.62,1.64,1.94
Belgium,CAIT,Other Fuel Combustion,All GHG,MtCO₂e,2.92,2.94,2.9,2.84,2.71,3.14,3.0,2.9,3.27,3.44,3.56,3.33,3.57,3.6,3.92,3.83,3.22,3.59,3.71,4.05,4.3,4.68,5.31,4.83,4.51,3.88,3.67,3.13,2.89
Netherlands,CAIT,Waste,All GHG,MtCO₂e,2.88,3.01,3.13,3.32,3.52,3.76,3.96,4.19,4.47,4.8,5.06,5.41,5.8,6.26,7.78,8.11,8.67,9.14,9.71,10.29,11.21,11.69,12.07,12.48,13.16,13.67,14.04,14.3,14.16
Portugal,CAIT,Building,All GHG,MtCO₂e,2.85,2.74,2.74,2.81,2.81,2.85,2.98,3.26,3.74,3.8,3.56,4.1,4.29,5.02,4.39,4.43,4.7,4.45,3.19,3.08,3.1,3.04,2.9,2.8,2.62,2.58,2.47,2.24,2.16
Croatia,CAIT,Agriculture,All GHG,MtCO₂e,2.79,2.71,2.57,2.63,2.59,2.59,2.86,3.06,2.92,2.88,3.95,3.72,3.69,3.22,3.39,3.07,3.14,2.96,3.01,3.02,2.97,3.36,3.06,3.13,3.29,3.4,3.75,4.0,4.24
Denmark,CAIT,Building,All GHG,MtCO₂e,2.77,2.8,2.88,2.77,2.63,3.23,3.28,3.4,4.03,3.71,3.8,3.92,4.27,4.51,4.63,4.78,4.73,4.97,4.82,5.37,5.57,5.79,6.51,6.0,5.94,6.67,5.88,6.55,6.38
Latvia,CAIT,Agriculture,All GHG,MtCO₂e,2.72,2.8,2.84,2.87,2.76,2.7,2.66,2.59,2.56,2.55,2.6,2.52,2.48,2.45,2.44,2.4,2.47,2.42,2.37,2.57,2.7,2.73,2.82,2.85,3.38,4.79,5.67,5.03,5.22
Finland,CAIT,Other Fuel Combustion,All GHG,MtCO₂e,2.62,2.73,2.81,2.75,2.75,2.83,2.91,2.82,3.05,3.08,3.26,3.31,3.17,3.3,3.5,4.04,3.69,3.81,3.31,2.59,2.67,2.65,2.68,2.6,2.61,2.84,2.83,2.68,3.02
Bulgaria,CAIT,Industrial Processes,All GHG,MtCO₂e,2.6,2.69,2.75,2.49,2.18,2.03,1.98,1.82,1.78,1.93,3.11,2.98,2.36,2.73,2.43,2.1,1.98,2.12,2.09,1.71,1.83,2.68,3.4,3.39,2.4,2.04,2.09,2.44,3.82
Hungary,CAIT,Industrial Processes,All GHG,MtCO₂e,2.54,2.66,2.7,3.3,2.96,2.36,2.39,2.41,2.44,2.6,3.05,3.89,4.26,4.39,4.34,3.78,3.52,4.09,3.83,3.31,3.33,3.46,3.45,2.99,3.59,2.76,2.12,3.18,5.41
Hungary,CAIT,Other Fuel Combustion,All GHG,MtCO₂e,2.54,2.46,2.57,2.41,2.33,2.36,1.95,2.16,2.1,1.89,1.93,1.9,2.03,2.02,2.1,2.24,2.21,2.38,2.48,2.46,2.48,2.58,2.87,2.77,2.77,2.48,2.83,3.54,4.13
Slovakia,CAIT,Agriculture,All GHG,MtCO₂e,2.54,2.48,2.63,2.53,2.6,2.52,2.46,2.47,2.37,2.41,2.48,2.52,2.59,2.6,2.83,2.81,2.92,2.96,2.96,3.02,3.49,3.7,3.84,3.75,3.99,4.44,4.95,5.49,6.31
Austria,CAIT,Bunker Fuels,All GHG,MtCO₂e,2.51,2.26,2.33,2.14,1.99,2.0,2.09,2.14,2.05,1.91,2.2,2.2,2.07,1.99,1.77,1.49,1.59,1.68,1.72,1.57,1.63,1.55,1.49,1.36,1.21,1.15,1.09,1.02,0.92
Lithuania,CAIT,Electricity/Heat,All GHG,MtCO₂e,2.49,2.61,2.94,3.22,3.2,3.9,4.49,4.54,5.41,4.9,4.91,4.75,5.24,5.7,5.4,5.23,5.33,5.53,5.07,6.05,7.49,6.65,7.1,6.41,7.27,7.32,8.64,14.71,13.66
Sweden,CAIT,Industrial Processes,All GHG,MtCO₂e,2.48,2.55,2.69,2.67,2.6,2.57,2.73,2.75,3.01,2.81,3.22,3.23,3.5,3.4,3.29,3.14,3.19,3.16,3.2,3.05,2.97,2.82,2.8,2.89,2.62,2.56,2.51,2.75,2.84
Estonia,CAIT,Transportation,All GHG,MtCO₂e,2.46,2.43,2.35,2.3,2.23,2.23,2.28,2.25,2.26,2.13,2.37,2.44,2.31,2.15,2.04,2.0,2.08,1.97,1.65,1.65,1.66,1.56,1.52,1.39,1.38,1.16,1.07,2.15,2.36
Croatia,CAIT,Manufacturing/Construction,All GHG,MtCO₂e,2.37,2.36,2.18,2.18,2.26,2.3,2.32,2.67,2.88,3.06,3.78,3.73,3.66,3.52,3.41,2.99,2.95,3.07,2.89,2.78,2.93,2.93,2.52,2.64,2.89,2.74,2.9,3.38,5.31
Slovakia,CAIT,Industrial Processes,All GHG,MtCO₂e,2.16,2.2,2.22,2.28,2.18,2.07,2.15,2.39,2.45,2.9,3.48,3.38,3.42,2.95,2.93,2.4,2.47,2.57,2.37,2.75,3.0,2.57,2.52,2.46,2.28,1.79,2.33,1.13,1.47
Croatia,CAIT,Building,All GHG,MtCO₂e,2.08,2.17,2.13,2.07,1.87,2.13,2.27,2.52,2.79,2.7,2.65,2.6,2.9,3.14,3.13,3.16,2.94,2.8,2.52,2.7,2.55,2.5,2.21,2.21,1.94,1.87,1.66,2.08,2.28
Finland,CAIT,Industrial Processes,All GHG,MtCO₂e,2.07,2.17,2.22,2.19,2.17,2.19,2.14,2.14,2.13,2.57,3.53,3.3,3.17,3.25,3.02,2.78,2.66,2.56,2.58,2.39,2.29,2.25,2.1,2.02,1.9,1.75,1.81,2.05,2.44
Denmark,CAIT,Other Fuel Combustion,All GHG,MtCO₂e,2.06,2.1,2.21,2.21,2.17,2.38,2.39,2.62,2.81,2.68,2.75,2.75,2.92,2.85,2.91,3.06,3.12,3.19,3.21,3.23,3.25,3.31,3.36,3.08,2.95,2.87,3.0,3.03,2.85
Portugal,CAIT,Other Fuel Combustion,All GHG,MtCO₂e,2.06,2.05,2.02,2.07,1.97,1.93,1.88,2.0,2.12,2.04,2.12,2.26,2.22,2.63,2.63,2.24,2.35,2.61,3.33,3.09,2.91,3.09,3.49,2.53,2.5,2.47,2.49,2.51,2.48
Malta,CAIT,Total excluding LUCF,All GHG,MtCO₂e,2.04,2.01,1.87,2.16,2.84,2.83,3.16,2.98,2.99,2.89,3.08,3.14,3.05,2.97,2.92,2.92,2.62,2.78,2.41,2.67,2.63,2.73,2.57,2.62,2.76,3.05,2.41,2.43,2.52
Malta,CAIT,Total including LUCF,All GHG,MtCO₂e,2.03,2.01,1.86,2.16,2.84,2.83,3.16,2.98,2.99,2.89,3.08,3.14,3.05,2.97,2.92,2.92,2.62,2.78,2.41,2.67,2.63,2.73,2.57,2.62,2.76,3.05,2.41,2.43,2.52
Cyprus,CAIT,Transportation,All GHG,MtCO₂e,1.99,1.98,1.91,1.81,1.75,1.79,1.99,2.16,2.23,2.18,2.18,2.14,2.0,2.02,1.98,1.88,1.77,1.79,1.73,1.69,1.65,1.57,1.51,1.46,1.37,1.32,1.3,1.16,1.16
Sweden,CAIT,Other Fuel Combustion,All GHG,MtCO₂e,1.99,2.1,2.17,2.19,2.29,2.47,2.45,2.47,2.61,2.51,2.56,2.67,2.57,2.78,2.24,2.38,2.36,2.1,2.11,2.28,2.67,2.44,2.5,2.47,2.41,2.4,2.53,2.58,2.49
Finland,CAIT,Building,All GHG,MtCO₂e,1.96,2.07,2.16,2.06,2.27,2.33,2.62,2.47,3.07,2.59,2.49,3.17,3.3,3.33,3.47,3.57,3.66,3.73,3.52,4.9,5.74,5.61,5.96,6.06,5.97,5.6,6.67,6.78,6.53
Latvia,CAIT,Electricity/Heat,All GHG,MtCO₂e,1.96,1.57,1.88,1.86,1.79,2.08,1.98,2.18,2.37,1.98,2.06,2.1,2.23,2.21,2.23,2.44,2.49,2.61,2.71,3.25,3.68,3.81,4.32,4.1,4.46,5.32,7.08,8.83,9.84
Estonia,CAIT,Land-Use Change and Forestry,All GHG,MtCO₂e,1.95,1.93,1.94,-6.15,-6.15,-6.15,-6.15,-6.16,-1.3,-1.32,-1.33,-1.34,-1.35,-1.36,-1.36,-1.39,-1.4,-1.42,-1.45,-1.5,-1.66,-1.73,-1.74,-1.75,-1.8,-1.8,-1.8,-1.79,-1.79
Slovenia,CAIT,Manufacturing/Construction,All GHG,MtCO₂e,1.94,1.75,1.65,1.62,1.69,1.67,1.68,1.72,1.88,1.9,2.23,2.29,2.56,2.38,2.22,2.15,1.85,2.11,2.37,1.99,1.81,1.93,1.86,1.84,1.97,1.75,1.84,2.3,2.62
Hungary,CAIT,Land-Use Change and Forestry,All GHG,MtCO₂e,1.89,1.9,1.9,1.34,1.34,1.34,1.34,1.34,2.26,2.26,2.26,2.28,2.28,2.27,2.27,2.33,2.37,2.39,1.62,1.62,1.62,1.63,1.64,1.65,1.62,1.63,1.63,1.63,1.63
Finland,CAIT,Waste,All GHG,MtCO₂e,1.88,1.95,2.02,2.15,2.2,2.33,2.45,2.5,2.57,2.58,2.68,2.79,2.91,2.83,3.07,3.23,3.43,3.69,3.85,4.09,4.18,4.37,4.49,4.6,4.67,4.73,4.74,4.73,4.67
Croatia,CAIT,Waste,All GHG,MtCO₂e,1.86,1.85,1.83,1.81,1.73,1.69,1.7,1.73,1.69,1.67,1.62,1.53,1.44,1.34,1.35,1.3,1.25,1.21,1.19,1.15,1.11,1.09,1.07,1.06,1.04,1.01,1.0,0.99,0.98
Estonia,CAIT,Agriculture,All GHG,MtCO₂e,1.84,1.85,1.81,1.94,1.91,1.85,1.83,1.79,1.76,1.77,1.83,1.78,1.76,1.76,1.79,1.76,1.76,1.75,1.82,1.91,1.96,1.96,2.07,2.25,2.41,2.87,3.21,3.3,3.42
Luxembourg,CAIT,Bunker Fuels,All GHG,MtCO₂e,1.84,1.72,1.52,1.37,1.21,1.12,1.11,1.2,1.29,1.26,1.31,1.3,1.21,1.29,1.27,1.17,1.12,1.04,0.96,0.99,0.85,0.75,0.62,0.57,0.5,0.39,0.4,0.41,0.39
Denmark,CAIT,Industrial Processes,All GHG,MtCO₂e,1.82,1.87,1.82,1.68,1.69,1.74,1.75,1.82,1.7,1.87,2.4,2.74,2.78,2.81,2.92,3.07,3.0,3.04,3.11,2.91,2.69,2.58,2.5,2.37,2.18,2.13,2.06,2.06,1.93
Croatia,CAIT,Industrial Processes,All GHG,MtCO₂e,1.82,1.85,1.67,1.94,1.93,1.84,2.14,2.28,2.4,2.23,2.67,2.74,2.62,2.5,2.73,2.76,3.03,3.31,3.48,3.81,4.02,4.68,5.09,5.64,5.01,3.95,3.45,1.56,2.04
Cyprus,CAIT,Bunker Fuels,All GHG,MtCO₂e,1.8,1.71,1.71,1.48,1.44,1.47,1.43,1.52,1.41,1.5,1.67,1.74,1.85,1.81,1.08,1.38,1.36,1.57,1.43,1.3,1.1,1.06,1.05,1.01,0.92,0.87,1.02,1.04,0.91
Slovakia,CAIT,Fugitive Emissions,All GHG,MtCO₂e,1.69,1.68,1.67,1.59,1.47,1.67,1.5,1.96,1.9,1.79,2.02,1.9,1.94,2.12,2.18,2.09,2.15,2.22,2.32,2.54,2.53,2.4,2.46,2.44,2.43,2.4,2.44,2.41,2.4
Austria,CAIT,Other Fuel Combustion,All GHG,MtCO₂e,1.68,1.7,1.72,1.7,1.67,1.76,1.7,1.7,1.74,1.68,1.77,1.76,1.8,1.84,1.9,1.92,1.89,1.97,1.93,1.99,1.97,1.98,2.04,2.0,1.93,2.04,2.18,2.29,2.26
Luxembourg,CAIT,Building,All GHG,MtCO₂e,1.62,1.68,1.61,1.55,1.35,1.52,1.5,1.38,1.64,1.55,1.55,1.49,1.57,1.61,1.69,1.64,1.6,1.66,1.61,1.39,1.56,1.49,1.53,1.37,1.36,1.41,1.44,1.56,1.29
Slovenia,CAIT,Agriculture,All GHG,MtCO₂e,1.62,1.64,1.64,1.61,1.6,1.59,1.6,1.64,1.66,1.66,1.7,1.67,1.68,1.69,1.72,1.82,1.8,1.85,1.79,1.76,1.88,1.92,1.93,1.96,2.03,2.05,2.06,2.41,2.55
Malta,CAIT,Energy,All GHG,MtCO₂e,1.55,1.52,1.36,1.66,2.36,2.38,2.72,2.58,2.59,2.52,2.73,2.72,2.66,2.63,2.61,2.62,2.33,2.5,2.14,2.42,2.39,2.48,2.34,2.39,2.52,2.82,2.18,2.22,2.33
Sweden,CAIT,Building,All GHG,MtCO₂e,1.52,1.56,1.62,1.72,1.77,1.88,2.05,2.22,2.49,2.36,2.65,3.01,3.26,3.94,4.37,5.82,5.81,6.23,6.27,7.91,8.01,8.6,9.62,8.83,8.95,8.52,9.03,8.83,9.2
Greece,CAIT,Other Fuel Combustion,All GHG,MtCO₂e,1.49,1.5,1.5,1.6,1.55,1.63,2.18,2.52,2.71,3.05,3.69,3.8,4.14,3.95,3.87,4.33,4.11,3.89,3.81,3.9,3.88,3.8,3.76,3.7,3.9,3.87,3.94,4.13,3.95
Slovakia,CAIT,Waste,All GHG,MtCO₂e,1.49,1.49,1.48,1.48,1.49,1.53,1.54,1.58,1.47,1.44,1.41,1.38,1.4,1.34,1.3,1.44,1.43,1.21,1.2,1.19,1.19,1.18,1.17,1.17,1.18,1.2,1.2,1.21,1.21
Austria,CAIT,Waste,All GHG,MtCO₂e,1.46,1.51,1.57,1.65,1.73,1.83,1.94,2.04,2.16,2.28,2.43,2.54,2.67,2.78,2.92,2.85,2.85,2.85,2.95,3.06,3.18,3.3,3.45,3.64,3.81,3.91,3.93,3.97,3.9
Greece,CAIT,Land-Use Change and Forestry,All GHG,MtCO₂e,1.39,1.4,1.42,1.4,1.4,1.4,1.41,1.42,-1.09,-1.09,-1.08,-1.01,-1.08,-1.08,-1.08,-1.08,-1.08,-1.08,-0.88,-0.91,-0.7,-0.89,-0.89,-0.9,-0.9,-0.9,-0.9,-0.9,-0.9
Spain,CAIT,Fugitive Emissions,All GHG,MtCO₂e,1.37,1.37,1.37,1.38,1.46,1.49,1.46,1.5,1.54,1.6,1.66,1.71,1.73,1.73,1.79,1.84,1.85,1.9,1.92,1.94,2.0,2.27,2.31,2.37,2.51,2.66,2.9,2.65,2.87
Netherlands,CAIT,Land-Use Change and Forestry,All GHG,MtCO₂e,1.36,1.36,1.36,1.37,1.37,1.37,1.37,1.37,1.12,1.12,1.12,1.12,1.11,1.11,1.11,1.13,1.16,1.19,1.44,1.45,1.46,1.46,1.46,1.47,1.47,1.48,1.48,1.48,1.48
France,CAIT,Fugitive Emissions,All GHG,MtCO₂e,1.31,1.3,1.3,1.28,1.31,1.44,1.52,1.55,1.63,1.58,1.59,1.61,1.84,1.94,2.26,2.75,2.83,3.42,3.65,4.55,4.73,4.82,5.41,6.66,6.77,6.68,6.51,6.37,6.71
Croatia,CAIT,Other Fuel Combustion,All GHG,MtCO₂e,1.25,1.24,1.25,1.26,1.2,1.26,1.28,1.35,1.36,1.36,1.37,1.33,1.35,1.37,1.39,1.41,1.34,1.46,1.49,1.5,1.26,1.22,1.18,1.14,1.2,1.23,1.2,1.38,1.93
Cyprus,CAIT,Industrial Processes,All GHG,MtCO₂e,1.24,1.26,1.24,1.24,1.32,1.09,0.84,0.86,0.84,0.93,1.05,1.01,1.0,0.97,0.94,0.86,0.87,0.83,0.84,0.81,0.8,0.83,0.86,0.8,0.83,0.79,0.73,0.67,0.71
Lithuania,CAIT,Industrial Processes,All GHG,MtCO₂e,1.24,1.28,1.33,1.32,1.2,1.22,1.33,1.49,1.12,1.15,3.45,3.7,3.01,2.87,2.58,2.3,2.21,2.06,1.91,1.73,1.73,1.41,1.27,1.03,1.03,1.17,1.53,1.04,0.99
Lithuania,CAIT,Manufacturing/Construction,All GHG,MtCO₂e,1.23,1.16,1.14,1.17,1.3,1.4,1.46,1.36,1.27,1.17,1.46,1.61,1.61,1.49,1.22,1.13,1.11,1.04,1.08,1.18,1.52,1.55,1.53,1.74,2.03,1.98,3.03,6.18,6.13
Czech Republic,CAIT,Bunker Fuels,All GHG,MtCO₂e,1.22,1.06,0.94,0.88,0.87,0.84,0.87,0.92,0.93,1.01,1.06,1.03,1.0,0.95,0.87,0.61,0.5,0.49,0.48,0.41,0.35,0.38,0.41,0.57,0.53,0.43,0.53,0.46,0.66
Ireland,CAIT,Other Fuel Combustion,All GHG,MtCO₂e,1.16,1.12,1.09,1.11,1.14,1.2,1.22,1.26,1.38,1.4,1.54,1.53,1.61,1.66,1.6,1.63,1.6,1.61,1.59,1.43,1.67,1.59,1.53,1.64,1.5,1.41,1.4,1.44,1.42
Estonia,CAIT,Bunker Fuels,All GHG,MtCO₂e,1.14,1.17,1.0,1.08,1.17,1.48,1.46,0.74,0.8,0.82,1.0,0.96,0.83,0.53,0.57,0.42,0.43,0.37,0.4,0.42,0.38,0.38,0.34,0.33,0.45,0.53,0.43,0.78,0.68
Lithuania,CAIT,Building,All GHG,MtCO₂e,1.14,1.08,1.0,0.87,0.96,1.06,1.07,1.15,1.13,1.0,1.0,1.05,1.09,0.98,0.91,0.91,0.87,0.81,0.85,1.05,1.15,1.38,1.62,1.93,2.24,2.36,2.81,6.12,5.42
Belgium,CAIT,Waste,All GHG,MtCO₂e,1.11,1.16,1.21,1.27,1.4,1.49,1.65,1.72,1.78,1.97,2.05,2.22,2.39,2.47,2.7,2.71,3.08,3.28,3.71,3.88,4.14,4.26,4.23,4.32,4.32,4.11,4.29,4.18,4.03
Bulgaria,CAIT,Other Fuel Combustion,All GHG,MtCO₂e,1.09,1.07,1.07,1.11,1.09,1.09,1.18,1.19,1.1,1.07,1.11,1.4,1.52,1.49,1.43,1.47,1.42,1.34,1.44,1.44,1.48,1.43,1.53,1.46,1.66,1.58,1.68,2.12,2.56
Sweden,CAIT,Waste,All GHG,MtCO₂e,1.04,1.09,1.14,1.23,1.32,1.43,1.51,1.63,1.75,1.86,1.96,2.24,2.44,2.53,2.7,2.73,2.88,3.07,3.12,3.22,3.35,3.41,3.44,3.48,3.48,3.62,3.74,3.74,3.69
Bulgaria,CAIT,Bunker Fuels,All GHG,MtCO₂e,1.02,0.97,0.88,0.8,0.76,0.76,0.69,0.75,0.81,1.11,1.02,0.71,0.87,0.91,0.82,0.91,0.7,0.61,0.44,0.23,0.61,0.47,1.42,1.85,1.83,2.04,1.79,1.64,0.9
Bulgaria,CAIT,Building,All GHG,MtCO₂e,1.02,1.2,1.17,1.1,0.95,1.2,1.44,1.48,1.29,1.12,1.35,1.33,1.52,1.27,1.34,1.75,1.63,1.27,1.36,2.02,2.7,2.57,3.67,3.22,4.37,5.05,4.37,4.09,5.99
Lithuania,CAIT,Bunker Fuels,All GHG,MtCO₂e,1.02,0.87,0.8,0.48,0.27,0.49,0.58,0.62,0.6,0.51,0.51,0.58,0.6,0.59,0.46,0.44,0.43,0.41,0.36,0.31,0.25,0.29,0.52,0.57,0.6,0.62,1.12,0.98,0.7
Bulgaria,CAIT,Fugitive Emissions,All GHG,MtCO₂e,1.01,1.02,1.03,1.17,1.09,1.07,1.22,1.37,1.11,1.05,1.11,1.08,0.92,1.04,0.98,1.37,1.28,1.3,1.37,1.28,1.55,1.82,2.03,2.08,1.98,2.11,2.12,1.97,2.3
Luxembourg,CAIT,Manufacturing/Construction,All GHG,MtCO₂e,0.96,0.94,0.97,0.96,0.98,0.96,1.02,1.05,1.12,1.03,1.21,1.27,1.36,1.27,1.29,1.14,1.25,1.45,1.31,1.55,1.49,2.14,2.54,2.57,4.0,4.5,4.22,4.66,5.08
Ireland,CAIT,Waste,All GHG,MtCO₂e,0.91,0.91,0.91,0.89,0.79,0.6,0.45,0.52,0.42,0.43,0.61,0.75,1.18,1.15,1.33,1.6,1.59,1.51,1.41,1.41,1.41,1.35,1.61,1.73,1.69,1.65,1.6,1.53,1.45
Lithuania,CAIT,Waste,All GHG,MtCO₂e,0.91,0.92,0.94,1.0,1.07,1.15,1.19,1.23,1.32,1.36,1.41,1.42,1.45,1.48,1.52,1.55,1.56,1.57,1.54,1.53,1.56,1.57,1.57,1.57,1.54,1.59,1.57,1.59,1.57
Denmark,CAIT,Waste,All GHG,MtCO₂e,0.88,0.9,0.93,0.96,1.0,1.01,1.04,1.07,1.06,1.11,1.17,1.19,1.21,1.16,1.18,1.47,1.48,1.46,1.43,1.43,1.38,1.43,1.52,1.58,1.67,1.74,1.74,1.77,1.77
Slovenia,CAIT,Building,All GHG,MtCO₂e,0.88,1.0,1.12,1.05,0.96,1.2,1.31,1.6,1.86,1.77,1.84,1.46,1.96,2.17,2.44,2.49,2.65,2.59,2.14,3.11,2.87,2.83,2.98,2.44,2.17,2.39,2.07,2.49,1.95
Denmark,CAIT,Land-Use Change and Forestry,All GHG,MtCO₂e,0.86,0.86,0.86,-1.95,-1.95,-1.95,-1.95,-1.95,-0.02,-0.02,-0.02,-0.02,-0.02,-0.02,-0.02,-0.01,-0.01,-0.01,0.33,0.33,0.34,0.34,0.34,0.34,0.34,0.34,0.34,0.34,0.34
Greece,CAIT,Fugitive Emissions,All GHG,MtCO₂e,0.84,0.83,0.82,1.1,1.2,1.28,1.48,1.4,1.33,1.51,1.53,1.54,1.49,1.58,1.59,1.55,1.59,1.5,1.45,1.39,1.37,1.31,1.33,1.28,1.26,1.22,1.24,1.19,1.17
Latvia,CAIT,Building,All GHG,MtCO₂e,0.84,0.82,0.8,0.81,0.85,0.82,0.86,0.92,1.02,0.9,0.9,0.93,0.93,0.88,0.89,0.83,0.8,0.79,0.66,0.76,0.79,0.88,1.01,1.03,1.63,2.02,2.1,2.91,2.54
Hungary,CAIT,Bunker Fuels,All GHG,MtCO₂e,0.82,0.66,0.57,0.54,0.53,0.5,0.51,0.71,0.7,0.71,0.83,0.74,0.81,0.8,0.7,0.61,0.62,0.66,0.7,0.63,0.58,0.55,0.58,0.54,0.57,0.38,0.41,0.39,0.49
Slovenia,CAIT,Bunker Fuels,All GHG,MtCO₂e,0.82,0.57,0.45,0.28,0.26,0.27,0.23,0.17,0.14,0.19,0.31,0.25,0.17,0.14,0.06,0.08,0.09,0.08,0.07,0.06,0.06,0.06,0.05,0.06,0.05,0.05,0.03,0.03,0.08
Slovenia,CAIT,Industrial Processes,All GHG,MtCO₂e,0.8,0.83,0.79,0.8,0.82,0.78,0.71,0.67,0.68,0.73,0.89,0.92,0.9,0.85,0.8,0.75,0.71,0.75,0.73,0.68,0.67,0.65,0.63,0.6,0.57,0.47,0.56,0.19,0.26
Latvia,CAIT,Other Fuel Combustion,All GHG,MtCO₂e,0.73,0.72,0.7,0.67,0.68,0.67,0.68,0.69,0.68,0.66,0.65,0.73,0.73,0.72,0.73,0.7,0.64,0.67,0.61,0.63,0.63,0.7,0.77,0.77,0.88,0.94,1.02,1.29,1.2
Hungary,CAIT,Fugitive Emissions,All GHG,MtCO₂e,0.72,0.71,0.71,0.64,0.74,0.7,0.76,0.83,0.95,0.91,0.97,0.97,1.03,1.08,1.19,1.41,1.35,1.34,1.32,1.35,1.42,1.46,1.53,1.45,1.75,1.75,1.82,2.15,2.16
Latvia,CAIT,Manufacturing/Construction,All GHG,MtCO₂e,0.71,0.62,0.64,0.75,0.85,0.89,1.07,1.04,1.14,0.87,1.1,1.19,1.17,1.12,1.11,1.09,1.05,1.0,1.03,1.18,1.32,1.42,1.24,1.37,1.43,1.58,1.58,1.84,2.56
Malta,CAIT,Electricity/Heat,All GHG,MtCO₂e,0.7,0.71,0.56,0.85,1.6,1.64,2.02,1.91,1.86,1.86,1.98,2.03,1.99,1.97,2.05,2.14,1.94,1.98,1.59,1.69,1.62,1.6,1.63,1.58,1.81,2.11,1.54,1.61,1.77
Latvia,CAIT,Industrial Processes,All GHG,MtCO₂e,0.68,0.69,0.62,0.72,0.8,0.76,0.78,0.76,0.63,0.36,0.34,0.31,0.28,0.21,0.2,0.18,0.16,0.15,0.12,0.17,0.13,0.13,0.13,0.12,0.1,0.04,0.16,0.02,0.02
Latvia,CAIT,Waste,All GHG,MtCO₂e,0.67,0.67,0.67,0.66,0.7,0.7,0.71,0.69,0.73,0.7,0.72,0.72,0.7,0.69,0.66,0.67,0.72,0.72,0.69,0.63,0.62,0.61,0.59,0.58,0.57,0.58,0.65,0.69,0.66
Malta,CAIT,Transportation,All GHG,MtCO₂e,0.67,0.61,0.59,0.59,0.55,0.54,0.54,0.55,0.56,0.51,0.58,0.53,0.52,0.5,0.45,0.37,0.29,0.43,0.46,0.6,0.65,0.75,0.54,0.69,0.59,0.59,0.53,0.51,0.45
Estonia,CAIT,Manufacturing/Construction,All GHG,MtCO₂e,0.66,0.62,0.63,0.61,0.8,1.08,0.85,0.93,0.76,0.78,1.22,1.34,1.04,1.05,0.98,0.94,0.78,1.09,0.91,0.84,1.29,1.47,1.85,1.79,1.56,1.82,1.95,3.1,4.29
Luxembourg,CAIT,Agriculture,All GHG,MtCO₂e,0.65,0.67,0.66,0.65,0.64,0.63,0.62,0.63,0.64,0.63,0.63,0.62,0.6,0.61,0.63,0.61,0.63,0.57,0.57,0.68,0.66,0.66,0.68,0.68,0.67,0.67,0.67,0.68,0.68
Slovakia,CAIT,Other Fuel Combustion,All GHG,MtCO₂e,0.65,0.66,0.69,0.71,0.75,0.73,0.73,0.72,0.7,0.68,0.7,0.75,0.79,0.88,0.79,0.72,0.67,0.86,0.87,0.9,0.96,1.09,1.14,1.14,1.18,1.6,1.59,1.98,2.58
Estonia,CAIT,Other Fuel Combustion,All GHG,MtCO₂e,0.61,0.61,0.62,0.59,0.59,0.52,0.52,0.51,0.49,0.46,0.46,0.46,0.41,0.46,0.48,0.5,0.5,0.46,0.32,0.3,0.39,0.44,0.48,0.41,0.38,0.58,0.73,1.11,1.12
Croatia,CAIT,Bunker Fuels,All GHG,MtCO₂e,0.61,0.45,0.38,0.35,0.37,0.37,0.34,0.38,0.31,0.29,0.38,0.35,0.32,0.33,0.28,0.25,0.26,0.29,0.25,0.31,0.33,0.31,0.31,0.34,0.4,0.18,0.07,0.09,0.63
Slovenia,CAIT,Other Fuel Combustion,All GHG,MtCO₂e,0.6,0.59,0.58,0.58,0.56,0.59,0.6,0.58,0.61,0.6,0.66,0.65,0.62,0.62,0.61,0.62,0.62,0.75,0.75,0.63,0.65,0.45,0.46,0.42,0.37,0.33,0.32,0.34,0.35
Latvia,CAIT,Bunker Fuels,All GHG,MtCO₂e,0.58,1.24,1.36,1.12,1.06,1.13,1.12,1.03,1.15,1.17,0.94,0.8,0.82,1.0,0.78,0.71,0.73,0.7,0.11,0.12,0.14,0.32,0.41,0.55,0.96,0.75,0.65,0.74,1.71
Belgium,CAIT,Fugitive Emissions,All GHG,MtCO₂e,0.57,0.57,0.57,0.58,0.57,0.57,0.58,0.61,0.65,0.6,0.6,0.62,0.62,0.62,0.61,0.62,0.64,0.67,0.68,0.69,0.69,0.72,0.75,0.77,0.76,0.88,0.83,0.97,1.12
Cyprus,CAIT,Manufacturing/Construction,All GHG,MtCO₂e,0.56,0.62,0.6,0.61,0.68,0.53,0.46,0.56,0.67,0.76,0.88,0.9,0.88,1.0,1.39,1.36,1.32,1.33,1.39,1.35,1.32,1.28,1.36,1.23,1.21,1.18,1.12,1.29,0.8
Lithuania,CAIT,Other Fuel Combustion,All GHG,MtCO₂e,0.56,0.58,0.57,0.57,0.59,0.58,0.58,0.58,0.59,0.56,0.61,0.62,0.6,0.57,0.55,0.52,0.51,0.49,0.5,0.54,0.65,0.69,0.77,0.77,0.86,1.03,1.12,1.78,2.12
Netherlands,CAIT,Fugitive Emissions,All GHG,MtCO₂e,0.56,0.59,0.61,0.64,0.8,0.77,0.86,0.96,0.89,0.82,1.06,0.97,0.83,0.91,0.87,0.97,0.98,1.24,1.15,1.22,1.4,1.39,2.16,2.25,2.2,2.2,2.14,2.09,2.1
Cyprus,CAIT,Waste,All GHG,MtCO₂e,0.55,0.55,0.55,0.54,0.53,0.52,0.51,0.5,0.5,0.5,0.49,0.49,0.48,0.49,0.48,0.48,0.47,0.47,0.46,0.45,0.44,0.44,0.43,0.43,0.42,0.41,0.4,0.39,0.39
Estonia,CAIT,Industrial Processes,All GHG,MtCO₂e,0.52,0.53,0.43,0.43,0.64,0.61,0.61,0.61,0.49,0.42,0.76,0.77,0.57,0.51,0.49,0.45,0.46,0.48,0.46,0.43,0.46,0.44,0.4,0.38,0.36,0.25,0.34,0.01,0.01
Slovenia,CAIT,Waste,All GHG,MtCO₂e,0.51,0.52,0.53,0.53,0.53,0.56,0.59,0.61,0.61,0.62,0.68,0.75,0.79,0.81,0.83,0.83,0.82,0.81,0.8,0.78,0.76,0.74,0.72,0.71,0.7,0.69,0.68,0.68,0.67
Estonia,CAIT,Building,All GHG,MtCO₂e,0.43,0.43,0.45,0.44,0.44,0.42,0.42,0.41,0.36,0.36,0.4,0.4,0.44,0.5,0.51,0.51,0.46,0.54,0.5,0.48,0.57,0.64,0.67,0.54,0.58,0.55,0.58,0.84,0.82
Luxembourg,CAIT,Industrial Processes,All GHG,MtCO₂e,0.43,0.44,0.42,0.4,0.43,0.43,0.44,0.47,0.45,0.44,0.46,0.49,0.49,0.49,0.5,0.46,0.51,0.49,0.56,0.53,0.5,0.5,0.48,0.49,0.54,0.48,0.57,0.55,0.58
Cyprus,CAIT,Agriculture,All GHG,MtCO₂e,0.42,0.41,0.4,0.39,0.38,0.38,0.42,0.43,0.44,0.42,0.41,0.42,0.43,0.42,0.46,0.48,0.5,0.46,0.43,0.44,0.44,0.43,0.46,0.44,0.43,0.43,0.43,0.38,0.38
Romania,CAIT,Bunker Fuels,All GHG,MtCO₂e,0.42,0.98,0.86,0.77,0.8,0.56,0.4,0.42,0.48,0.44,0.59,0.44,0.41,0.33,0.41,0.35,0.29,0.34,0.38,0.39,0.42,0.37,0.26,0.55,0.49,0.75,0.74,0.5,0.7
Cyprus,CAIT,Building,All GHG,MtCO₂e,0.39,0.45,0.44,0.43,0.38,0.43,0.5,0.52,0.48,0.53,0.5,0.54,0.56,0.46,0.24,0.26,0.25,0.23,0.23,0.2,0.21,0.21,0.2,0.2,0.2,0.2,0.21,0.18,0.18
Slovenia,CAIT,Land-Use Change and Forestry,All GHG,MtCO₂e,0.35,0.34,0.34,-2.63,-2.63,-2.63,-2.63,-2.62,-11.52,-11.52,-11.53,-11.53,-11.53,-11.53,-11.53,-11.52,-11.53,-11.53,-9.37,-9.37,-9.4,-9.4,-9.4,-9.4,-9.4,-9.4,-9.4,-9.4,-9.4
Portugal,CAIT,Land-Use Change and Forestry,All GHG,MtCO₂e,0.32,0.82,0.43,-0.79,-0.8,-0.78,-0.79,-0.8,0.61,0.59,0.59,0.59,0.61,0.71,0.6,0.71,0.61,0.59,1.53,1.57,1.61,1.56,1.64,1.53,1.53,1.53,1.53,1.53,1.53
Denmark,CAIT,Fugitive Emissions,All GHG,MtCO₂e,0.3,0.33,0.33,0.31,0.31,0.37,0.32,0.34,0.44,0.37,0.54,0.64,0.7,0.71,0.93,0.84,0.79,0.44,0.86,1.28,0.68,0.83,0.65,0.58,0.65,0.65,0.78,0.71,0.4
Lithuania,CAIT,Fugitive Emissions,All GHG,MtCO₂e,0.3,0.3,0.3,0.29,0.28,0.24,0.24,0.19,0.24,0.21,0.23,0.23,0.25,0.26,0.23,0.21,0.2,0.19,0.19,0.18,0.2,0.21,0.21,0.23,0.24,0.24,0.25,0.26,0.27
Slovenia,CAIT,Fugitive Emissions,All GHG,MtCO₂e,0.27,0.27,0.27,0.25,0.25,0.3,0.33,0.34,0.35,0.35,0.36,0.36,0.36,0.36,0.38,0.38,0.37,0.33,0.35,0.36,0.38,0.38,0.35,0.37,0.36,0.37,0.4,0.38,0.41
Austria,CAIT,Fugitive Emissions,All GHG,MtCO₂e,0.25,0.26,0.26,0.26,0.27,0.28,0.29,0.28,0.28,0.28,0.27,0.29,0.29,0.28,0.3,0.33,0.33,0.33,0.33,0.33,0.32,0.32,0.32,0.34,0.34,0.47,0.49,0.46,0.6
Estonia,CAIT,Waste,All GHG,MtCO₂e,0.25,0.26,0.27,0.3,0.31,0.34,0.38,0.39,0.44,0.43,0.44,0.46,0.48,0.5,0.53,0.53,0.55,0.56,0.55,0.51,0.5,0.49,0.43,0.39,0.41,0.41,0.39,0.38,0.37
Luxembourg,CAIT,Electricity/Heat,All GHG,MtCO₂e,0.24,0.27,0.27,0.48,0.71,0.76,1.11,1.09,1.29,1.24,1.1,1.27,1.42,1.35,1.38,1.16,1.16,0.42,0.23,0.18,0.16,0.45,0.74,0.91,1.39,1.77,1.75,1.86,1.73
Malta,CAIT,Industrial Processes,All GHG,MtCO₂e,0.23,0.24,0.26,0.25,0.23,0.22,0.2,0.18,0.15,0.14,0.12,0.1,0.08,0.05,0.03,0.02,0.02,0.02,0.01,0.0,0.0,0.0,0.0,0.0,0.0,0.0,0.0,0.0,0.0
Croatia,CAIT,Fugitive Emissions,All GHG,MtCO₂e,0.2,0.2,0.2,0.2,0.19,0.2,0.22,0.25,0.27,0.27,0.28,0.29,0.28,0.26,0.26,0.26,0.26,0.25,0.24,0.25,0.27,0.28,0.29,0.3,0.3,0.33,0.32,0.35,0.43
Cyprus,CAIT,Other Fuel Combustion,All GHG,MtCO₂e,0.19,0.19,0.19,0.18,0.18,0.18,0.18,0.2,0.19,0.19,0.22,0.2,0.19,0.17,0.08,0.07,0.07,0.07,0.07,0.06,0.06,0.06,0.06,0.06,0.05,0.05,0.05,0.05,0.05
Malta,CAIT,Waste,All GHG,MtCO₂e,0.17,0.16,0.16,0.15,0.14,0.13,0.14,0.14,0.15,0.13,0.12,0.2,0.19,0.18,0.17,0.16,0.15,0.15,0.14,0.13,0.13,0.11,0.11,0.1,0.1,0.09,0.08,0.07,0.07
Belgium,CAIT,Land-Use Change and Forestry,All GHG,MtCO₂e,0.16,0.16,0.16,-2.36,-2.36,-2.36,-2.36,-2.36,-3.01,-3.01,-3.01,-3.01,-3.01,-3.01,-3.01,-3.01,-3.01,-3.0,-4.01,-3.92,-3.92,-3.92,-3.92,-3.92,-3.91,-3.91,-3.91,-3.91,-3.91
Slovakia,CAIT,Bunker Fuels,All GHG,MtCO₂e,0.14,0.12,0.15,0.13,0.11,0.12,0.11,0.13,0.12,0.14,0.19,0.15,0.12,0.12,0.08,0.1,0.14,0.09,0.08,0.06,0.09,0.11,0.12,0.12,0.1,0.0,0.0,0.0,0.0
Luxembourg,CAIT,Other Fuel Combustion,All GHG,MtCO₂e,0.13,0.14,0.15,0.14,0.14,0.14,0.14,0.14,0.15,0.14,0.13,0.13,0.12,0.12,0.12,0.13,0.13,0.15,0.13,0.16,0.16,0.13,0.12,0.11,0.13,0.13,0.14,0.09,0.08
Latvia,CAIT,Fugitive Emissions,All GHG,MtCO₂e,0.12,0.12,0.12,0.1,0.14,0.1,0.08,0.06,0.09,0.1,0.1,0.1,0.1,0.13,0.12,0.12,0.15,0.15,0.15,0.16,0.17,0.18,0.19,0.2,0.2,0.21,0.22,0.24,0.25
Malta,CAIT,Building,All GHG,MtCO₂e,0.11,0.13,0.13,0.15,0.13,0.12,0.11,0.08,0.11,0.09,0.1,0.1,0.09,0.1,0.1,0.1,0.09,0.08,0.08,0.08,0.06,0.1,0.11,0.11,0.1,0.1,0.1,0.1,0.09
Malta,CAIT,Agriculture,All GHG,MtCO₂e,0.09,0.08,0.09,0.11,0.11,0.11,0.1,0.09,0.1,0.1,0.11,0.11,0.12,0.12,0.11,0.12,0.11,0.12,0.12,0.12,0.11,0.12,0.12,0.12,0.13,0.14,0.14,0.13,0.13
Luxembourg,CAIT,Waste,All GHG,MtCO₂e,0.08,0.08,0.07,0.08,0.08,0.08,0.08,0.09,0.09,0.1,0.1,0.1,0.11,0.1,0.11,0.11,0.11,0.11,0.11,0.11,0.11,0.1,0.1,0.1,0.1,0.11,0.11,0.11,0.11
Portugal,CAIT,Fugitive Emissions,All GHG,MtCO₂e,0.07,0.07,0.07,0.07,0.06,0.07,0.07,0.07,0.07,0.06,0.07,0.06,0.06,0.06,0.06,0.05,0.05,0.05,0.04,0.03,0.02,0.02,0.02,0.02,0.06,0.08,0.08,0.09,0.1
Sweden,CAIT,Fugitive Emissions,All GHG,MtCO₂e,0.07,0.07,0.07,0.07,0.07,0.08,0.09,0.08,0.08,0.09,0.09,0.1,0.1,0.1,0.11,0.1,0.11,0.12,0.11,0.11,0.12,0.11,0.11,0.11,0.11,0.11,0.11,0.11,0.1
Ireland,CAIT,Fugitive Emissions,All GHG,MtCO₂e,0.04,0.04,0.04,0.04,0.05,0.04,0.05,0.05,0.06,0.06,0.08,0.09,0.08,0.1,0.11,0.78,0.11,0.14,0.13,0.14,0.14,0.16,0.16,0.17,0.18,0.18,0.19,0.2,0.21
Malta,CAIT,Manufacturing/Construction,All GHG,MtCO₂e,0.04,0.05,0.06,0.06,0.06,0.05,0.03,0.02,0.03,0.02,0.04,0.04,0.03,0.03,0.0,0.0,0.0,0.0,0.0,0.01,0.01,0.0,0.0,0.0,0.0,0.0,0.0,0.0,0.0
Finland,CAIT,Fugitive Emissions,All GHG,MtCO₂e,0.03,0.03,0.03,0.04,0.03,0.04,0.04,0.04,0.05,0.05,0.06,0.06,0.06,0.07,0.06,0.07,0.06,0.08,0.06,0.07,0.08,0.08,0.09,0.09,0.09,0.08,0.07,0.05,0.01
Luxembourg,CAIT,Fugitive Emissions,All GHG,MtCO₂e,0.03,0.03,0.03,0.03,0.04,0.04,0.05,0.05,0.05,0.05,0.05,0.05,0.06,0.05,0.05,0.05,0.05,0.03,0.03,0.03,0.03,0.03,0.03,0.02,0.02,0.02,0.02,0.02,0.02
Malta,CAIT,Other Fuel Combustion,All GHG,MtCO₂e,0.03,0.02,0.02,0.02,0.02,0.02,0.03,0.03,0.03,0.03,0.03,0.03,0.03,0.04,0.02,0.02,0.02,0.02,0.02,0.05,0.05,0.05,0.05,0.01,0.01,0.01,0.01,0.01,0.01
Estonia,CAIT,Fugitive Emissions,All GHG,MtCO₂e,0.02,0.02,0.02,0.02,0.02,0.02,0.02,0.02,0.02,0.02,0.03,0.03,0.03,0.03,0.03,0.03,0.03,0.03,0.03,0.03,0.03,0.03,0.03,0.03,0.02,0.02,0.03,0.05,0.05
Cyprus,CAIT,Fugitive Emissions,All GHG,MtCO₂e,0.0,0.0,0.0,0.0,0.0,0.0,0.0,0.0,0.0,0.0,0.0,0.0,0.0,0.0,0.0,0.0,0.0,0.0,0.0,0.0,0.0,0.0,0.0,0.0,0.0,0.0,0.0,0.0,0.0
Malta,CAIT,Land-Use Change and Forestry,All GHG,MtCO₂e,0.0,0.0,0.0,0.0,0.0,0.0,0.0,0.0,0.0,0.0,0.0,0.0,0.0,0.0,0.0,0.0,0.0,0.0,0.0,0.0,0.0,0.0,0.0,0.0,0.0,0.0,0.0,0.0,0.0
Malta,CAIT,Fugitive Emissions,All GHG,MtCO₂e,0.0,0.0,0.0,0.0,0.0,0.0,0.0,0.0,0.0,0.0,0.0,0.0,0.0,0.0,0.0,0.0,0.0,0.0,0.0,0.0,0.0,0.0,0.0,0.0,0.0,0.0,0.0,0.0,0.0
Cyprus,CAIT,Land-Use Change and Forestry,All GHG,MtCO₂e,-0.25,-0.25,-0.25,-0.32,-0.32,-0.32,-0.32,-0.32,-0.26,-0.26,-0.26,-0.26,-0.26,-0.26,-0.26,-0.26,-0.26,-0.26,-0.07,-0.07,-0.07,-0.07,-0.07,-0.07,-0.07,-0.07,-0.07,-0.07,-0.07
Luxembourg,CAIT,Land-Use Change and Forestry,All GHG,MtCO₂e,-0.28,-0.28,-0.28,-0.24,-0.24,-0.24,-0.24,-0.24,-0.52,-0.52,-0.52,-0.52,-0.52,-0.52,-0.52,-0.52,-0.52,-0.52,-0.55,-0.64,-0.64,-0.64,-0.64,-0.64,-0.64,-0.64,-0.64,-0.64,-0.64
Lithuania,CAIT,Land-Use Change and Forestry,All GHG,MtCO₂e,-0.63,-0.62,-0.62,-6.09,-6.09,-6.06,-6.06,-6.06,0.03,0.04,0.05,0.05,0.05,0.05,0.06,0.09,0.09,0.1,0.61,0.62,0.64,0.65,0.66,0.67,0.68,0.68,0.68,0.68,0.68
Slovakia,CAIT,Land-Use Change and Forestry,All GHG,MtCO₂e,-1.06,-1.07,-1.07,-7.61,-7.61,-7.61,-7.61,-7.61,-8.4,-8.4,-8.4,-8.4,-8.4,-8.4,-8.4,-8.4,-8.4,-8.4,-9.44,-9.44,-9.44,-9.44,-9.43,-9.43,-9.43,-9.43,-9.43,-9.43,-9.43
Latvia,CAIT,Land-Use Change and Forestry,All GHG,MtCO₂e,-2.78,-2.78,-2.78,-2.68,-2.68,-2.65,-2.65,-2.65,-13.8,-13.82,-13.82,-13.84,-13.85,-13.86,-13.86,-13.86,-13.89,-13.89,-12.69,-12.78,-12.85,-12.87,-12.88,-12.88,-12.96,-12.96,-12.96,-13.0,-13.0
Ireland,CAIT,Land-Use Change and Forestry,All GHG,MtCO₂e,-2.79,-2.79,-2.79,-2.25,-2.25,-2.25,-2.24,-2.24,-2.13,-2.13,-2.13,-2.13,-2.13,-2.13,-2.13,-2.13,-2.12,-2.12,-2.46,-2.46,-2.47,-2.47,-2.46,-2.46,-2.46,-2.46,-2.46,-2.46,-2.46
Croatia,CAIT,Land-Use Change and Forestry,All GHG,MtCO₂e,-4.34,-4.34,-4.34,-1.49,-1.5,-1.5,-1.49,-1.48,-0.83,-0.83,-0.83,-0.83,-0.83,-0.83,-0.83,-0.83,-0.83,-0.83,-0.84,-0.85,-0.78,-0.84,-0.85,-0.84,-0.84,-0.84,-0.84,-0.84,-0.84
Czech Republic,CAIT,Land-Use Change and Forestry,All GHG,MtCO₂e,-5.82,-5.81,-5.82,-3.64,-3.63,-3.64,-3.64,-3.64,-6.95,-6.95,-6.95,-6.95,-6.95,-6.95,-6.95,-6.94,-6.94,-6.94,-9.44,-9.44,-9.44,-9.44,-9.44,-9.44,-9.44,-9.44,-9.44,-9.44,-9.44
Austria,CAIT,Land-Use Change and Forestry,All GHG,MtCO₂e,-7.12,-7.12,-7.12,-7.07,-7.07,-7.07,-7.07,-7.07,-6.16,-6.16,-6.17,-6.17,-6.17,-6.16,-6.17,-6.16,-6.16,-6.16,-13.47,-13.47,-13.47,-13.47,-13.47,-13.47,-13.47,-13.47,-13.47,-13.47,-13.47
Italy,CAIT,Land-Use Change and Forestry,All GHG,MtCO₂e,-12.81,-12.76,-12.81,-34.66,-34.66,-34.66,-34.63,-34.66,-34.71,-34.7,-34.71,-34.66,-34.71,-34.71,-34.71,-34.7,-34.71,-34.71,-34.47,-34.49,-34.49,-34.5,-34.5,-34.51,-34.51,-34.51,-34.51,-34.51,-34.51
Spain,CAIT,Land-Use Change and Forestry,All GHG,MtCO₂e,-13.88,-13.82,-13.86,-7.84,-7.86,-7.86,-7.83,-7.84,-19.13,-19.12,-19.13,-19.11,-19.06,-19.06,-19.1,-19.1,-19.11,-19.16,-42.44,-42.54,-42.46,-42.38,-42.58,-42.64,-42.64,-42.64,-42.64,-42.64,-42.64
Sweden,CAIT,Land-Use Change and Forestry,All GHG,MtCO₂e,-16.31,-16.57,-16.65,-22.2,-22.17,-22.24,-22.25,-22.28,-10.98,-11.12,-11.21,-11.26,-11.29,-11.32,-11.42,-11.5,-11.53,-11.54,2.04,1.95,1.91,1.88,1.87,1.88,1.87,1.87,1.87,1.87,1.87
Romania,CAIT,Land-Use Change and Forestry,All GHG,MtCO₂e,-22.88,-22.87,-22.88,-285.12,-285.12,-285.11,-285.11,-285.1,-2.68,-2.68,-2.69,-2.68,-2.68,-2.69,-2.69,-2.69,-2.68,-2.69,0.73,0.73,0.73,0.73,0.74,0.71,0.71,0.71,0.71,0.71,0.71
Germany,CAIT,Land-Use Change and Forestry,All GHG,MtCO₂e,-29.48,-29.47,-29.47,-29.24,-29.23,-29.21,-29.21,-29.21,-18.34,-18.33,-18.33,-18.32,-18.33,-18.32,-18.33,-18.24,-18.17,-18.11,-51.11,-51.02,-51.02,-50.97,-50.96,-50.94,-50.94,-50.93,-50.93,-50.93,-50.93
Poland,CAIT,Land-Use Change and Forestry,All GHG,MtCO₂e,-32.91,-32.9,-32.88,-27.11,-27.11,-27.08,-27.08,-27.08,-71.62,-71.62,-71.6,-71.58,-71.58,-71.58,-71.58,-71.49,-71.44,-71.4,-13.44,-13.42,-13.37,-13.33,-13.32,-13.21,-13.15,-13.15,-13.15,-13.15,-13.15
Bulgaria,CAIT,Land-Use Change and Forestry,All GHG,MtCO₂e,-33.81,-33.8,-33.8,-12.11,-12.11,-12.11,-12.11,-12.1,-23.55,-23.56,-23.55,-23.53,-23.55,-23.54,-23.55,-23.55,-23.55,-23.54,-21.73,-21.76,-21.75,-21.75,-21.75,-21.75,-21.75,-21.75,-21.75,-21.75,-21.75
France,CAIT,Land-Use Change and Forestry,All GHG,MtCO₂e,-61.98,-61.92,-61.98,-61.1,-61.09,-61.1,-61.04,-61.09,-66.47,-66.46,-66.47,-66.48,-66.48,-66.44,-66.46,-66.34,-66.33,-66.29,-24.89,-24.89,-24.86,-24.86,-24.85,-24.83,-24.83,-24.83,-24.83,-24.83,-24.83
European Union (27),CAIT,Land-Use Change and Forestry,All GHG,MtCO₂e,-233.92,-233.7,-234.36,-575.16,-575.13,-575.11,-575.0,-575.11,-314.29,-314.5,-314.63,-314.53,-314.67,-314.62,-314.92,-314.65,-314.69,-314.64,-275.1,-275.57,-275.54,-275.8,-275.91,-275.94,-276.04,-276.01,-276.01,-276.05,-276.05
